,fecha,estacion,año,mes,festivo,dia_semana,clima,temperatura,humedad,viento,registrado,registrado_box,laboral_no,laboral_sí
0,2018-01-01,0.0,0,0.0,0,0.0,1,-0.48473282442748095,0.8611778846153845,-0.21212121212121218,654,267.555884884105,1.0,0.0
1,2018-02-01,0.0,0,1.0,1,1.5,1,-0.42366412213740456,0.33233173076923056,0.6969696969696969,670,273.03513549002855,0.0,1.0
2,2018-03-01,0.0,0,1.5,1,1.5,2,-0.9427480916030535,-0.9128605769230769,0.6818181818181821,1229,453.922955604971,0.0,1.0
3,2018-04-01,1.0,0,1.5,1,0.5,2,-0.9351145038167941,-0.17728365384615388,-0.21212121212121218,1454,522.5149244899186,1.0,0.0
4,2018-05-01,1.0,0,2.0,1,0.0,2,-0.851145038167939,-0.9128605769230769,0.06060606060606066,1518,541.6949468848785,0.0,1.0
5,2018-06-01,1.0,0,3.0,1,1.5,2,-0.9198473282442748,-0.5234375000000002,-0.9242424242424242,1518,541.6949468848785,0.0,1.0
6,2018-07-01,1.5,0,2.0,1,0.5,1,-0.9427480916030535,-0.614783653846154,-0.12121212121212106,1362,494.6967457725717,1.0,0.0
7,2018-08-01,1.5,0,2.5,1,1.0,1,-1.0419847328244276,-0.43689903846153844,0.8787878787878787,891,346.7361037278762,0.0,1.0
8,2018-09-01,1.5,0,2.5,1,1.5,2,-1.1259541984732826,-0.9272836538461541,1.8484848484848488,768,306.1460943761287,1.0,0.0
9,2018-10-01,1.0,0,2.0,1,0.0,2,-1.087786259541985,-0.691706730769231,0.43939393939393945,1280,469.6400763894595,0.0,1.0
10,2018-11-01,1.0,0,1.5,1,1.5,1,-1.034351145038168,0.28425480769230743,-0.5909090909090909,1220,451.13828345939766,0.0,1.0
11,2018-12-01,1.0,0,1.0,1,1.5,2,-1.019083969465649,-0.12920673076923078,1.2575757575757576,1137,425.29365441398716,1.0,0.0
12,2018-01-13,0.0,0,0.0,1,1.5,2,-1.0419847328244276,-0.7542067307692308,1.2272727272727273,1368,496.5202202317562,1.0,0.0
13,2018-01-14,0.0,0,0.0,1,0.5,2,-1.0572519083969467,-0.427283653846154,-0.5454545454545454,1367,496.21639960338837,1.0,0.0
14,2018-01-15,0.0,0,0.0,0,0.0,1,-0.8282442748091604,-0.614783653846154,-0.2272727272727273,1026,390.23549858284713,1.0,0.0
15,2018-01-16,0.0,0,0.0,1,0.0,2,-0.83587786259542,-0.6868990384615387,0.07575757575757576,953,366.8395084402412,0.0,1.0
16,2018-01-17,0.0,0,0.0,1,1.0,1,-1.0114503816793894,-0.427283653846154,0.13636363636363644,883,344.1255933448396,0.0,1.0
17,2018-01-18,0.0,0,0.0,1,1.5,1,-0.8816793893129772,1.1304086538461542,-0.34848484848484834,674,274.4015579647264,0.0,1.0
18,2018-01-19,0.0,0,0.0,1,1.5,1,-0.6450381679389313,0.5534855769230771,0.28787878787878796,1572,557.7743839557065,0.0,1.0
19,2018-01-20,0.0,0,0.0,1,1.5,1,-0.7442748091603054,-0.427283653846154,0.15151515151515152,1844,637.4533070797764,1.0,0.0
20,2018-01-21,0.0,0,0.0,1,0.5,2,-1.0038167938931297,-0.8167067307692307,1.7575757575757576,1468,526.7222561660833,1.0,0.0
21,2018-01-22,0.0,0,0.0,1,0.0,2,-1.3778625954198476,-1.0907451923076925,-0.09090909090909086,888,345.75761735429813,0.0,1.0
22,2018-01-23,0.0,0,0.0,1,0.0,2,-1.255725190839695,-0.9128605769230769,0.6666666666666667,836,328.70858721143446,0.0,1.0
23,2018-01-24,0.0,0,0.0,1,1.0,2,-1.255725190839695,-0.6484375,-0.2272727272727273,1330,484.9489891796616,0.0,1.0
24,2018-01-25,0.0,0,0.0,1,1.5,1,-0.8587786259541986,-0.04747596153846141,-0.5151515151515152,1799,624.4129078975941,0.0,1.0
25,2018-01-26,0.0,0,0.0,1,1.5,0,-0.8816793893129772,1.1304086538461542,1.1515151515151516,472,203.48749412087776,0.0,1.0
26,2018-01-27,0.0,0,0.0,1,1.5,2,-0.9503816793893131,0.29387019230769224,-0.6818181818181819,416,183.00119773417615,1.0,0.0
27,2018-01-28,0.0,0,0.0,1,0.5,1,-0.9274809160305344,0.7986778846153846,-0.5757575757575756,1129,422.7864698111936,1.0,0.0
28,2018-01-29,0.0,0,0.0,1,0.0,2,-0.9427480916030535,0.12079326923076938,-0.3636363636363637,975,373.9205127041261,0.0,1.0
29,2018-01-30,0.0,0,0.0,1,0.0,2,-0.8816793893129772,0.45733173076923095,-1.0757575757575757,956,367.80667500009804,0.0,1.0
30,2018-01-31,0.0,0,0.0,1,1.0,1,-0.9961832061068703,-0.10997596153846162,0.06060606060606066,1459,524.0183069392909,0.0,1.0
31,2018-01-02,0.0,0,0.0,1,0.0,1,-0.9580152671755726,0.9765625000000001,-1.2878787878787878,1313,479.75479159605743,0.0,1.0
32,2018-02-02,0.0,0,1.0,1,1.5,1,-0.7442748091603054,0.7121394230769231,0.8484848484848485,1454,522.5149244899186,0.0,1.0
33,2018-03-02,0.0,0,1.5,1,1.5,2,-0.9732824427480917,-0.9080528846153849,0.9848484848484852,1489,533.0208736219265,0.0,1.0
34,2018-04-02,1.0,0,1.5,1,0.0,1,-0.8969465648854963,-0.20132211538461542,-0.5303030303030303,1620,571.9908022021772,0.0,1.0
35,2018-05-02,1.0,0,2.0,1,1.0,1,-0.8282442748091604,1.452524038461539,-0.19696969696969682,905,351.2952225907171,0.0,1.0
36,2018-06-02,1.0,0,3.0,1,1.5,2,-0.66793893129771,-0.2830528846153848,-0.3939393939393939,1269,466.2589866701449,1.0,0.0
37,2018-07-02,1.5,0,2.0,1,0.0,2,-0.7137404580152673,0.5342548076923076,-1.378787878787879,1592,563.7064730069834,0.0,1.0
38,2018-08-02,1.5,0,2.5,1,1.5,2,-0.8664122137404582,-0.427283653846154,1.8484848484848488,1466,526.1216154901521,0.0,1.0
39,2018-09-02,1.5,0,2.5,1,0.5,1,-1.1412213740458017,-0.6340144230769231,0.09090909090909086,1552,551.8298296931151,1.0,0.0
40,2018-10-02,1.0,0,2.0,1,0.0,2,-1.1106870229007635,-0.9128605769230769,0.42424242424242437,1491,533.6199746591649,0.0,1.0
41,2018-11-02,1.0,0,1.5,1,1.5,2,-0.9656488549618321,-0.5811298076923077,-0.7272727272727273,1597,565.187569047532,0.0,1.0
42,2018-12-02,1.0,0,1.0,1,0.5,2,-0.8664122137404582,-0.3984375000000001,0.2272727272727273,1184,439.9653852780472,1.0,0.0
43,2018-02-13,0.0,0,1.0,1,0.0,2,-0.5687022900763359,-0.8167067307692307,0.8181818181818182,1192,442.4530383636494,0.0,1.0
44,2018-02-14,0.0,0,1.0,1,1.0,2,-0.2633587786259542,-1.2061298076923077,2.409090909090909,1705,596.9970676623171,0.0,1.0
45,2018-02-15,0.0,0,1.0,1,1.5,2,-0.7290076335877863,-1.504206730769231,1.1212121212121213,1675,588.1953458538957,0.0,1.0
46,2018-02-16,0.0,0,1.0,1,1.5,2,-0.5687022900763359,-0.9801682692307695,0.7272727272727272,1897,652.7449049684101,0.0,1.0
47,2018-02-17,0.0,0,1.0,1,1.5,2,-0.1946564885496184,-0.5859375000000001,0.5000000000000001,2216,743.3715957556782,1.0,0.0
48,2018-02-18,0.0,0,1.0,1,0.5,2,0.0725190839694656,-0.5282451923076923,0.8484848484848485,2348,780.2279155304616,1.0,0.0
49,2018-02-19,0.0,0,1.0,0,0.0,2,-0.3091603053435116,-0.0006009615384613336,3.3181818181818183,1103,414.61773804082156,1.0,0.0
50,2018-02-20,0.0,0,1.0,1,0.0,2,-0.66793893129771,-1.0522836538461542,0.43939393939393945,1173,436.54032720162917,0.0,1.0
51,2018-02-21,0.0,0,1.0,1,1.0,1,-0.6145038167938931,-0.10516826923076925,1.2878787878787883,912,353.57041083547824,0.0,1.0
52,2018-02-22,0.0,0,1.0,1,1.5,2,-0.9885496183206108,-0.2349759615384617,0.15151515151515152,1376,498.9494688450898,0.0,1.0
53,2018-02-23,0.0,0,1.0,1,1.5,2,-0.8664122137404582,-0.9801682692307695,-0.8787878787878788,1778,618.309027054185,0.0,1.0
54,2018-02-24,0.0,0,1.0,1,1.5,1,-0.6374045801526719,0.33713942307692324,0.7121212121212123,1707,597.5829361155191,1.0,0.0
55,2018-02-25,0.0,0,1.0,1,0.5,1,-0.42366412213740456,0.4092548076923079,1.6818181818181819,1341,488.30409943491424,1.0,0.0
56,2018-02-26,0.0,0,1.0,1,0.0,2,-0.6755725190839695,-0.427283653846154,0.06060606060606066,1545,549.7462562816062,0.0,1.0
57,2018-02-27,0.0,0,1.0,1,0.0,2,-0.48473282442748095,0.25540865384615385,-0.5606060606060606,1708,597.8758278673835,0.0,1.0
58,2018-02-28,0.0,0,1.0,1,1.0,1,-0.28625954198473286,1.197716346153846,1.106060606060606,1365,495.60864830283623,0.0,1.0
59,2018-01-03,0.0,0,0.0,1,1.0,2,-0.7290076335877863,-0.44170673076923084,0.3636363636363637,1714,599.6325849471677,0.0,1.0
60,2018-02-03,0.0,0,1.0,1,1.5,2,-0.5152671755725192,-0.8503605769230771,1.2878787878787883,1903,654.4715547919616,1.0,0.0
61,2018-03-03,0.0,0,1.5,1,1.5,2,-0.9427480916030535,-1.4849759615384617,0.4545454545454546,1562,554.8036765632183,1.0,0.0
62,2018-04-03,1.0,0,1.5,1,0.0,1,-0.7442748091603054,-0.08112980769230771,0.2272727272727273,1730,604.3123227893575,0.0,1.0
63,2018-05-03,1.0,0,2.0,1,1.5,1,-0.3549618320610686,0.7794471153846158,0.7272727272727272,1437,517.3970217259957,0.0,1.0
64,2018-06-03,1.0,0,3.0,1,0.5,1,-0.38549618320610685,1.5438701923076923,1.6515151515151516,491,210.34504994379805,1.0,0.0
65,2018-07-03,1.5,0,2.0,1,0.0,2,-0.7442748091603054,-0.36478365384615385,1.6363636363636362,1628,574.3533995983481,0.0,1.0
66,2018-08-03,1.5,0,2.5,1,1.5,2,-0.6450381679389313,-0.989783653846154,-0.6060606060606061,1817,629.6354521196515,0.0,1.0
67,2018-09-03,1.5,0,2.5,0,0.0,1,-0.6374045801526719,0.7121394230769231,0.4090909090909093,1700,595.5319000867822,1.0,0.0
68,2018-10-03,1.0,0,2.0,1,1.0,0,-0.33969465648854963,-0.0018028846153843423,0.8181818181818182,577,240.86500687811574,0.0,1.0
69,2018-11-03,1.0,0,1.5,1,1.5,1,-0.5687022900763359,0.11117788461538464,0.5303030303030303,1730,604.3123227893575,1.0,0.0
70,2018-12-03,1.0,0,1.0,1,0.0,2,-0.5305343511450382,-0.15324519230769232,0.4090909090909093,1408,508.6433283250761,0.0,1.0
71,2018-03-13,0.0,0,1.5,1,0.0,2,-0.3549618320610686,-0.48016826923076916,0.9090909090909094,1435,516.7942607987924,0.0,1.0
72,2018-03-14,0.0,0,1.5,1,1.0,2,-0.5458015267175572,-0.6243990384615384,-0.43939393939393945,1687,591.7191301074475,0.0,1.0
73,2018-03-15,0.0,0,1.5,1,1.5,1,-0.5687022900763359,0.1400240384615382,0.030303030303030467,1767,615.1070148629719,0.0,1.0
74,2018-03-16,0.0,0,1.5,1,1.5,1,-0.41603053435114506,0.7217548076923079,0.2272727272727273,1871,645.252298259985,0.0,1.0
75,2018-03-17,0.0,0,1.5,1,1.5,2,-0.2633587786259542,-0.114783653846154,0.28787878787878796,2320,772.4391163099239,1.0,0.0
76,2018-03-18,0.0,0,1.5,1,0.5,2,0.12595419847328262,-0.4897836538461539,0.5151515151515152,2355,782.172714934869,1.0,0.0
77,2018-03-19,0.0,0,1.5,1,0.0,2,-0.08015267175572525,-1.191706730769231,1.9090909090909092,1693,593.4794702042765,0.0,1.0
78,2018-03-20,1.0,0,1.5,1,0.0,2,-0.5229007633587787,-0.7349759615384617,0.2727272727272729,1424,513.4765918448938,0.0,1.0
79,2018-03-21,1.0,0,1.5,1,1.0,1,-0.2175572519083968,0.5294471153846156,1.090909090909091,1676,588.4891532399383,0.0,1.0
80,2018-03-22,1.0,0,1.5,1,1.5,2,-0.1793893129770991,-0.009014423076923078,0.4545454545454546,2243,750.9391992807551,0.0,1.0
81,2018-03-23,1.0,0,1.5,1,1.5,1,-0.47709923664122145,1.0246394230769231,0.5454545454545454,1918,658.7842580188012,0.0,1.0
82,2018-03-24,1.0,0,1.5,1,1.5,1,-0.66793893129771,0.8611778846153845,0.6363636363636366,1699,595.2387813118382,1.0,0.0
83,2018-03-25,1.0,0,1.5,1,0.5,2,-0.7366412213740459,-0.6340144230769231,0.5151515151515152,1910,656.4848449125149,1.0,0.0
84,2018-03-26,1.0,0,1.5,1,0.0,2,-0.7290076335877863,-1.1195913461538465,0.28787878787878796,1515,540.7989052613269,0.0,1.0
85,2018-03-27,1.0,0,1.5,1,0.0,1,-0.767175572519084,-0.6388221153846155,0.030303030303030467,1221,451.44785841629476,0.0,1.0
86,2018-03-28,1.0,0,1.5,1,1.0,2,-0.7366412213740459,-1.5618990384615385,0.3181818181818181,1806,626.4449170971219,0.0,1.0
87,2018-03-29,1.0,0,1.5,1,1.5,2,-0.6145038167938931,-1.504206730769231,0.46969696969696967,2108,712.9466799502403,0.0,1.0
88,2018-03-30,1.0,0,1.5,1,1.5,1,-0.6221374045801527,0.09675480769230785,-0.07575757575757576,1368,496.5202202317562,0.0,1.0
89,2018-03-31,1.0,0,1.5,1,1.5,0,-0.7213740458015268,1.3996394230769231,0.3787878787878788,1506,538.1090209492417,1.0,0.0
90,2018-01-04,0.0,0,0.0,1,1.5,1,-0.6221374045801527,0.28425480769230743,0.7878787878787881,1920,659.3588638363677,0.0,1.0
91,2018-02-04,0.0,0,1.0,1,0.5,1,-0.5763358778625954,0.13040865384615413,0.16666666666666663,1354,492.263382953017,1.0,0.0
92,2018-03-04,0.0,0,1.5,1,0.5,2,-0.37786259541984735,-0.7061298076923078,0.015151515151515098,1598,565.4836963830062,1.0,0.0
93,2018-04-04,1.0,0,1.5,1,1.0,2,0.2328244274809161,-0.9657451923076924,2.075757575757576,2381,789.3879335623618,0.0,1.0
94,2018-05-04,1.0,0,2.0,1,1.5,1,-0.2633587786259542,0.0727163461538463,2.1060606060606064,1628,574.3533995983481,0.0,1.0
95,2018-06-04,1.0,0,3.0,1,0.0,2,-0.33969465648854963,-0.7493990384615385,0.8333333333333336,2395,793.2676613268867,0.0,1.0
96,2018-07-04,1.5,0,2.0,0,1.0,2,-0.1946564885496184,-0.114783653846154,-0.1818181818181817,2570,841.4566282575508,1.0,0.0
97,2018-08-04,1.5,0,2.5,1,1.5,1,-0.5076335877862596,1.0054086538461537,0.46969696969696967,1299,475.46888414514063,1.0,0.0
98,2018-09-04,1.5,0,2.5,1,0.0,1,-0.4923664122137405,1.2073317307692308,-0.48484848484848475,1576,558.9617930786902,0.0,1.0
99,2018-10-04,1.0,0,2.0,1,1.5,1,-0.22519083969465647,1.1111778846153846,-0.34848484848484834,1707,597.5829361155191,0.0,1.0
100,2018-11-04,1.0,0,1.5,1,0.5,1,0.3015267175572519,0.43329326923076944,1.4545454545454546,2493,820.3224332145443,1.0,0.0
101,2018-12-04,1.0,0,1.0,1,0.0,1,0.011450381679389478,0.5390625000000003,0.9545454545454545,1777,618.018070378918,0.0,1.0
102,2018-04-13,1.0,0,1.5,1,1.5,1,-0.27099236641221386,0.923677884615385,0.7121212121212123,1953,668.8256923280625,0.0,1.0
103,2018-04-14,1.0,0,1.5,1,1.5,2,-0.0954198473282443,-0.4176682692307693,-0.712121212121212,2738,887.2106204932245,1.0,0.0
104,2018-04-15,1.0,0,1.5,1,0.5,2,-0.16412213740458007,0.21213942307692282,0.46969696969696967,2484,817.8452287007069,1.0,0.0
105,2018-04-16,1.0,0,1.5,0,0.0,0,-0.20992366412213745,1.255408653846154,1.6212121212121215,674,274.4015579647264,1.0,0.0
106,2018-04-17,1.0,0,1.5,1,0.0,2,-0.133587786259542,-0.7061298076923078,1.2424242424242427,2186,734.945277783903,0.0,1.0
107,2018-04-18,1.0,0,1.5,1,1.0,2,0.041984732824427544,-0.4080528846153845,-0.16666666666666663,2760,893.1673614588584,0.0,1.0
108,2018-04-19,1.0,0,1.5,1,1.5,1,0.01908396946564886,0.1881009615384613,-0.2272727272727273,2795,902.6278896339479,0.0,1.0
109,2018-04-20,1.0,0,1.5,1,1.5,2,0.3015267175572519,-0.06189903846153854,0.6212121212121212,3331,1045.22398385721,0.0,1.0
110,2018-04-21,1.0,0,1.5,1,1.5,2,-0.12595419847328235,-1.0570913461538463,1.46969696969697,3444,1074.783898899747,1.0,0.0
111,2018-04-22,1.0,0,1.5,1,0.5,1,-0.5076335877862596,0.4957932692307693,0.3939393939393939,1506,538.1090209492417,1.0,0.0
112,2018-04-23,1.0,0,1.5,1,0.0,1,-0.11832061068702297,1.255408653846154,0.5151515151515152,2574,842.5516292599125,0.0,1.0
113,2018-04-24,1.0,0,1.5,1,0.0,1,0.2557251908396948,0.885216346153846,0.12121212121212133,2481,817.0191650041388,0.0,1.0
114,2018-04-25,1.0,0,1.5,1,1.0,2,0.33969465648854963,0.7217548076923079,0.04545454545454557,3300,1037.0858987846746,0.0,1.0
115,2018-04-26,1.0,0,1.5,1,1.5,2,0.41603053435114506,0.49098557692307726,1.4848484848484849,3722,1146.8392643573984,0.0,1.0
116,2018-04-27,1.0,0,1.5,1,1.5,1,0.37786259541984735,1.0006009615384617,1.3333333333333333,3325,1043.6498492904548,0.0,1.0
117,2018-04-28,1.0,0,1.5,1,1.5,1,0.37022900763358796,0.35637019230769207,1.4242424242424243,3489,1086.5107699129053,1.0,0.0
118,2018-04-29,1.0,0,1.5,1,0.5,2,0.03435114503816789,-0.8167067307692307,0.6060606060606064,3717,1145.5513363235243,1.0,0.0
119,2018-04-30,1.0,0,1.5,1,0.0,2,-0.08015267175572525,-0.5955528846153848,0.5606060606060608,3347,1049.4193919882587,0.0,1.0
120,2018-01-05,0.0,0,0.0,1,1.5,1,-0.14885496183206104,0.6496394230769234,-0.7575757575757576,2213,742.5298148679691,0.0,1.0
121,2018-02-05,0.0,0,1.0,1,0.0,1,0.15648854961832068,0.4957932692307693,0.030303030303030467,3554,1103.4056715700488,0.0,1.0
122,2018-03-05,0.0,0,1.5,1,0.0,1,0.37022900763358796,0.33713942307692324,1.6515151515151516,3848,1179.2019963810044,0.0,1.0
123,2018-04-05,1.0,0,1.5,1,1.5,1,-0.2633587786259542,0.5294471153846156,1.5000000000000002,2378,788.5560742999762,0.0,1.0
124,2018-05-05,1.0,0,2.0,1,1.5,2,-0.12595419847328235,-0.879206730769231,1.166666666666667,3819,1171.7691240594295,1.0,0.0
125,2018-06-05,1.0,0,3.0,1,0.0,2,-0.06488549618320595,-0.17728365384615388,0.48484848484848503,3714,1144.7784423159444,0.0,1.0
126,2018-07-05,1.5,0,2.0,1,1.5,2,0.06488549618320623,-0.4128605769230769,-0.19696969696969682,3102,984.8033244808862,0.0,1.0
127,2018-08-05,1.5,0,2.5,1,0.5,2,0.0954198473282443,0.02463942307692322,-1.0757575757575757,2932,939.4738934870637,1.0,0.0
128,2018-09-05,1.5,0,2.5,1,1.0,2,0.10305343511450395,-0.18209134615384626,-0.045454545454545296,3698,1140.6545988681466,0.0,1.0
129,2018-10-05,1.0,0,2.0,1,1.5,2,0.10305343511450395,-0.6628605769230771,-0.6666666666666666,4109,1245.6916004974498,0.0,1.0
130,2018-11-05,1.0,0,1.5,1,0.0,2,0.133587786259542,0.029447115384615252,-0.6060606060606061,3632,1123.6124520220526,0.0,1.0
131,2018-12-05,1.0,0,1.0,1,1.0,2,0.11068702290076332,0.5823317307692307,0.09090909090909086,4169,1260.8766581305629,0.0,1.0
132,2018-05-13,1.0,0,2.0,1,0.5,1,0.041984732824427544,1.1352163461538463,-0.015151515151515098,3413,1066.6906886881986,1.0,0.0
133,2018-05-14,1.0,0,2.0,1,0.0,1,0.0725190839694656,1.4188701923076927,-0.46969696969696967,2507,824.1729328926127,0.0,1.0
134,2018-05-15,1.0,0,2.0,1,0.0,1,0.20229007633587806,1.1544471153846156,-0.28787878787878796,2971,949.910474370424,0.0,1.0
135,2018-05-16,1.0,0,2.0,1,1.0,2,0.24809160305343517,0.774639423076923,-0.5454545454545454,3185,1006.7848474879061,0.0,1.0
136,2018-05-17,1.0,0,2.0,1,1.5,1,0.1946564885496184,1.0150240384615385,0.9848484848484852,3445,1075.0447695593516,0.0,1.0
137,2018-05-18,1.0,0,2.0,1,1.5,1,0.16412213740458034,1.1688701923076925,0.21212121212121218,3319,1042.0752460049641,0.0,1.0
138,2018-05-19,1.0,0,2.0,1,1.5,1,0.10305343511450395,0.9765625000000001,-0.7272727272727273,3840,1177.1524748286088,1.0,0.0
139,2018-05-20,1.0,0,2.0,1,0.5,2,0.11832061068702297,0.4477163461538462,-0.5606060606060606,4008,1220.04703780268,1.0,0.0
140,2018-05-21,1.0,0,2.0,1,0.0,2,0.3244274809160306,0.0006009615384616752,-0.6060606060606061,3547,1101.5886857817966,0.0,1.0
141,2018-05-22,1.0,0,2.0,1,0.0,2,0.33206106870229024,0.5919471153846154,-0.33333333333333326,3084,980.0235179475869,0.0,1.0
142,2018-05-23,1.0,0,2.0,1,1.0,1,0.41603053435114506,0.880408653846154,0.5454545454545454,3438,1073.21841234935,0.0,1.0
143,2018-05-24,1.0,0,2.0,1,1.5,1,0.5076335877862598,0.5486778846153845,0.2727272727272729,3833,1175.3585655505003,0.0,1.0
144,2018-05-25,1.0,0,2.0,1,1.5,2,0.5076335877862598,0.33233173076923056,-0.2727272727272726,4238,1278.2949879588314,0.0,1.0
145,2018-05-26,1.0,0,2.0,1,1.5,2,0.652671755725191,0.24579326923076913,0.1969696969696971,3919,1197.3608937648148,1.0,0.0
146,2018-05-27,1.0,0,2.0,1,0.5,2,0.5687022900763359,0.13040865384615413,0.6060606060606064,3808,1168.9473256105268,1.0,0.0
147,2018-05-28,1.0,0,2.0,0,0.0,2,0.4923664122137405,0.4957932692307693,0.5000000000000001,2757,892.3555412078061,1.0,0.0
148,2018-05-29,1.0,0,2.0,1,0.0,2,0.5305343511450382,0.923677884615385,0.33333333333333354,2433,803.7795714324122,0.0,1.0
149,2018-05-30,1.0,0,2.0,1,1.0,2,0.7366412213740461,0.2794471153846154,-0.4999999999999999,2549,835.7032473564967,0.0,1.0
150,2018-05-31,1.0,0,2.0,1,1.5,2,0.8664122137404583,0.04867788461538476,-0.6969696969696969,3309,1039.4498629153677,0.0,1.0
151,2018-01-06,0.0,0,0.0,1,1.5,1,0.8282442748091605,0.2409855769230771,0.2727272727272729,3461,1079.2170039118016,1.0,0.0
152,2018-02-06,0.0,0,1.0,1,0.0,2,0.6755725190839696,-1.5474759615384617,1.1363636363636367,4232,1276.7822183316355,0.0,1.0
153,2018-03-06,0.0,0,1.5,1,0.0,2,0.37786259541984735,-1.3118990384615388,0.7424242424242425,4414,1322.5147739289123,0.0,1.0
154,2018-04-06,1.0,0,1.5,1,1.5,2,0.42366412213740473,-0.8215144230769231,-0.5757575757575756,3473,1082.3440911836806,0.0,1.0
155,2018-05-06,1.0,0,2.0,1,0.5,1,0.46946564885496206,0.12079326923076938,-0.4242424242424241,3221,1016.2895088194836,1.0,0.0
156,2018-06-06,1.0,0,3.0,1,1.0,2,0.5610687022900765,-0.12920673076923078,-0.5909090909090909,3875,1186.1139523248642,0.0,1.0
157,2018-07-06,1.5,0,2.0,1,1.5,2,0.652671755725191,-0.13882211538461553,0.07575757575757576,4070,1235.801710262785,0.0,1.0
158,2018-08-06,1.5,0,2.5,1,0.0,2,0.8664122137404583,-0.023437499999999868,-0.43939393939393945,3725,1147.6118841479288,0.0,1.0
159,2018-09-06,1.5,0,2.5,1,1.5,1,0.9656488549618324,-0.2830528846153848,-0.3181818181818181,3352,1050.729777844688,0.0,1.0
160,2018-10-06,1.0,0,2.0,1,1.5,2,0.8053435114503819,-0.10516826923076925,-0.409090909090909,3771,1159.445923554099,1.0,0.0
161,2018-11-06,1.0,0,1.5,1,0.0,2,0.7061068702290078,0.13521634615384617,-0.25757575757575746,3237,1020.5081685056259,0.0,1.0
162,2018-12-06,1.0,0,1.0,1,1.5,2,0.6068702290076337,0.5823317307692307,-0.16666666666666663,2993,955.7877933661613,0.0,1.0
163,2018-06-13,1.0,0,3.0,1,1.0,2,0.42366412213740473,-0.6340144230769231,1.272727272727273,4157,1257.8425471511312,0.0,1.0
164,2018-06-14,1.0,0,3.0,1,1.5,2,0.33206106870229024,-0.5763221153846153,0.893939393939394,4164,1259.612620565073,0.0,1.0
165,2018-06-15,1.0,0,3.0,1,1.5,2,0.400763358778626,-0.7445913461538461,-0.12121212121212106,4411,1321.7634955549604,0.0,1.0
166,2018-06-16,1.0,0,3.0,1,1.5,1,0.4083969465648857,0.29387019230769224,0.25757575757575774,3222,1016.5532761752166,1.0,0.0
167,2018-06-17,1.0,0,3.0,1,0.5,2,0.46946564885496206,0.5246394230769229,-0.3787878787878788,3981,1213.1735904784334,1.0,0.0
168,2018-06-18,1.0,0,3.0,1,0.0,2,0.622137404580153,0.2073317307692308,-0.6212121212121212,3312,1040.2376151128055,0.0,1.0
169,2018-06-19,1.0,0,3.0,1,0.0,1,0.6297709923664123,0.19290865384615402,-0.8030303030303031,3105,985.5995133888332,0.0,1.0
170,2018-06-20,1.0,0,3.0,1,1.0,1,0.42366412213740473,0.5727163461538459,-0.25757575757575746,3311,1039.9750441326423,0.0,1.0
171,2018-06-21,1.5,0,3.0,1,1.5,1,0.5687022900763359,0.6881009615384617,-0.09090909090909086,4061,1233.5172120716727,0.0,1.0
172,2018-06-22,1.5,0,3.0,1,1.5,2,0.7366412213740461,0.3900240384615384,-0.09090909090909086,3846,1178.6896819541269,0.0,1.0
173,2018-06-23,1.5,0,3.0,1,1.5,1,0.7213740458015268,0.3659855769230768,0.5909090909090909,4044,1229.1997676069618,1.0,0.0
174,2018-06-24,1.5,0,3.0,1,0.5,2,0.7061068702290078,-0.25901442307692324,0.42424242424242437,4022,1223.6080378565432,1.0,0.0
175,2018-06-25,1.5,0,3.0,1,0.0,2,0.6145038167938933,-0.691706730769231,0.28787878787878796,3420,1068.5192440998183,0.0,1.0
176,2018-06-26,1.5,0,3.0,1,0.0,2,0.5687022900763359,-0.5474759615384618,-0.8787878787878788,3385,1059.3702636285466,0.0,1.0
177,2018-06-27,1.5,0,3.0,1,1.0,1,0.5763358778625955,0.14963942307692296,-0.7424242424242424,3854,1180.7386761893702,0.0,1.0
178,2018-06-28,1.5,0,3.0,1,1.5,2,0.7671755725190842,0.034254807692307626,-0.3636363636363637,3916,1196.5947211327898,0.0,1.0
179,2018-06-29,1.5,0,3.0,1,1.5,2,0.7213740458015268,-0.6195913461538464,0.8181818181818182,4377,1313.2430991580575,0.0,1.0
180,2018-06-30,1.5,0,3.0,1,1.5,2,0.622137404580153,-0.9272836538461541,0.04545454545454557,4488,1341.0198060078333,1.0,0.0
181,2018-01-07,0.0,0,0.0,1,0.5,2,0.6984732824427484,-1.1099759615384617,-0.7878787878787878,4116,1247.4650659925098,1.0,0.0
182,2018-02-07,0.0,0,1.0,1,1.0,2,0.7519083969465651,-0.8743990384615385,-0.6666666666666666,2915,934.9174597702056,0.0,1.0
183,2018-03-07,0.0,0,1.5,1,1.0,1,0.6832061068702291,0.26502403846153866,0.48484848484848503,2367,785.5044402408613,0.0,1.0
184,2018-04-07,1.0,0,1.5,1,1.5,1,0.7137404580152674,0.053485576923076796,-1.0,2978,951.7813068074607,1.0,0.0
185,2018-05-07,1.0,0,2.0,1,0.0,2,0.7748091603053437,-0.17728365384615388,-0.5454545454545454,3634,1124.1296271103606,0.0,1.0
186,2018-06-07,1.0,0,3.0,1,1.5,2,0.6908396946564888,0.5582932692307692,-0.3181818181818181,3845,1178.43350825871,0.0,1.0
187,2018-07-07,1.5,0,2.0,1,1.5,2,0.7900763358778629,0.11598557692307666,-0.21212121212121218,3838,1176.6399844162286,1.0,0.0
188,2018-08-07,1.5,0,2.5,1,0.0,1,0.6603053435114506,0.6304086538461537,0.4545454545454546,3348,1049.6814949821892,0.0,1.0
189,2018-09-07,1.5,0,2.5,1,1.5,2,0.7366412213740461,-0.08593750000000008,-0.12121212121212106,3348,1049.6814949821892,0.0,1.0
190,2018-10-07,1.0,0,2.0,1,0.5,2,0.7748091603053437,-0.2349759615384617,0.030303030303030467,3138,994.3492467298375,1.0,0.0
191,2018-11-07,1.0,0,1.5,1,1.0,2,0.8282442748091605,0.04387019230769238,1.0303030303030303,3363,1053.6114925041527,0.0,1.0
192,2018-12-07,1.0,0,1.0,1,1.5,2,0.9274809160305346,-0.3263221153846155,0.1969696969696971,3596,1114.2952361087082,0.0,1.0
193,2018-07-13,1.5,0,2.0,1,1.5,2,0.7748091603053437,0.02463942307692322,-0.34848484848484834,3594,1113.7771630546602,0.0,1.0
194,2018-07-14,1.5,0,2.0,1,1.5,2,0.5687022900763359,-0.725360576923077,0.6060606060606064,4196,1267.6981482057013,1.0,0.0
195,2018-07-15,1.5,0,2.0,1,0.5,2,0.5152671755725192,-0.17247596153846148,0.015151515151515098,4220,1273.7556168047145,1.0,0.0
196,2018-07-16,1.5,0,2.0,1,0.0,2,0.5916030534351145,-0.20132211538461542,0.28787878787878796,3505,1090.6742973233145,0.0,1.0
197,2018-07-17,1.5,0,2.0,1,0.0,2,0.6908396946564888,-0.10997596153846162,0.6515151515151514,3296,1036.0349067520926,0.0,1.0
198,2018-07-18,1.5,0,2.0,1,1.0,2,0.7748091603053437,0.11598557692307666,0.3636363636363637,3617,1119.7321390290872,0.0,1.0
199,2018-07-19,1.5,0,2.0,1,1.5,2,0.8664122137404583,0.11117788461538464,-0.4999999999999999,3789,1164.0701391794323,0.0,1.0
200,2018-07-20,1.5,0,2.0,1,1.5,2,0.8435114503816796,0.38521634615384637,-0.6818181818181819,3688,1138.075702244156,0.0,1.0
201,2018-07-21,1.5,0,2.0,1,1.5,1,0.9885496183206108,0.308293269230769,0.42424242424242437,3152,998.0566615728003,1.0,0.0
202,2018-07-22,1.5,0,2.0,1,0.5,2,1.0954198473282444,-0.22536057692307696,-0.48484848484848475,2825,910.7213620193907,1.0,0.0
203,2018-07-23,1.5,0,2.0,1,0.0,2,1.0954198473282444,-0.6099759615384617,-0.4999999999999999,2298,766.3084652564366,0.0,1.0
204,2018-07-24,1.5,0,2.0,1,0.0,2,1.0343511450381682,-0.36478365384615385,-0.12121212121212106,2556,837.6219068005053,0.0,1.0
205,2018-07-25,1.5,0,2.0,1,1.0,2,0.7671755725190842,0.6256009615384618,-0.9090909090909092,3272,1029.7245245207075,0.0,1.0
206,2018-07-26,1.5,0,2.0,1,1.5,2,0.8511450381679392,-0.4128605769230769,0.1969696969696971,3840,1177.1524748286088,0.0,1.0
207,2018-07-27,1.5,0,2.0,1,1.5,2,0.8664122137404583,-1.0763221153846156,0.030303030303030467,3901,1192.7624035605872,0.0,1.0
208,2018-07-28,1.5,0,2.0,1,1.5,2,0.8740458015267176,-0.21093750000000017,-0.015151515151515098,3784,1162.7859991105013,1.0,0.0
209,2018-07-29,1.5,0,2.0,1,0.5,2,1.0648854961832062,-0.4080528846153845,-0.06060606060606066,3176,1004.4059191832,1.0,0.0
210,2018-07-30,1.5,0,2.0,1,0.0,2,0.9580152671755727,-0.7734375,-0.12121212121212106,2916,935.1856064104386,0.0,1.0
211,2018-07-31,1.5,0,2.0,1,0.0,2,0.9580152671755727,-0.7013221153846154,-0.16666666666666663,2778,898.035232373091,0.0,1.0
212,2018-01-08,0.0,0,0.0,1,0.0,2,0.8511450381679392,-0.36478365384615385,-0.24242424242424238,3537,1098.991965033661,0.0,1.0
213,2018-02-08,0.0,0,1.0,1,1.5,2,0.889312977099237,-0.6532451923076923,0.25757575757575774,4044,1229.1997676069618,0.0,1.0
214,2018-03-08,0.0,0,1.5,1,1.5,1,0.7290076335877864,0.14963942307692296,-0.4545454545454546,3107,986.1302354811677,0.0,1.0
215,2018-04-08,1.0,0,1.5,1,0.5,1,0.6603053435114506,0.6304086538461537,0.16666666666666663,3777,1160.9877325534615,1.0,0.0
216,2018-05-08,1.0,0,2.0,1,0.0,2,0.6603053435114506,0.01983173076923084,0.04545454545454557,3843,1177.9211278872722,0.0,1.0
217,2018-06-08,1.0,0,3.0,1,1.5,1,0.6832061068702291,0.615985576923077,0.48484848484848503,2773,896.6835694038074,0.0,1.0
218,2018-07-08,1.5,0,2.0,1,0.5,2,0.7595419847328245,0.6063701923076923,0.21212121212121218,2487,818.6711278138882,1.0,0.0
219,2018-08-08,1.5,0,2.5,1,1.0,2,0.83587786259542,-0.1676682692307691,0.12121212121212133,3480,1084.1674019681093,0.0,1.0
220,2018-09-08,1.5,0,2.5,1,1.5,2,0.8664122137404583,-0.27343750000000006,-0.30303030303030304,3695,1139.8810508289532,1.0,0.0
221,2018-10-08,1.0,0,2.0,0,0.0,2,0.83587786259542,-0.9753605769230771,0.1969696969696971,3896,1191.4844244661347,1.0,0.0
222,2018-11-08,1.0,0,1.5,1,1.5,2,0.6832061068702291,-0.9753605769230771,-0.16666666666666663,3980,1212.9188709421521,0.0,1.0
223,2018-12-08,1.0,0,1.0,1,1.5,2,0.652671755725191,-1.018629807692308,-0.5606060606060606,3854,1180.7386761893702,1.0,0.0
224,2018-08-13,1.5,0,2.5,1,0.0,1,0.5839694656488552,0.4957932692307693,0.3181818181818181,2646,862.2141311659772,0.0,1.0
225,2018-08-14,1.5,0,2.5,1,0.0,1,0.5534351145038169,0.9188701923076923,0.42424242424242437,2482,817.2945378710051,0.0,1.0
226,2018-08-15,1.5,0,2.5,1,1.0,2,0.5229007633587788,0.4092548076923079,0.28787878787878796,3563,1105.7409288946394,0.0,1.0
227,2018-08-16,1.5,0,2.5,1,1.5,2,0.6297709923664123,-0.2349759615384617,0.5606060606060608,4004,1219.029232538455,0.0,1.0
228,2018-08-17,1.5,0,2.5,1,1.5,2,0.7061068702290078,-0.2493990384615385,-0.3787878787878788,4026,1224.6250905666088,0.0,1.0
229,2018-08-18,1.5,0,2.5,1,1.5,2,0.66793893129771,0.13521634615384617,0.5303030303030303,3166,1001.761360593222,1.0,0.0
230,2018-08-19,1.5,0,2.5,1,0.5,1,0.5839694656488552,0.462139423076923,-0.4242424242424241,3356,1051.7778543413601,1.0,0.0
231,2018-08-20,1.5,0,2.5,1,0.0,2,0.622137404580153,0.2265625000000003,-0.7727272727272727,3277,1031.0398154595148,0.0,1.0
232,2018-08-21,1.5,0,2.5,1,0.0,2,0.6603053435114506,0.6881009615384617,0.6969696969696969,2624,856.2156196238843,0.0,1.0
233,2018-08-22,1.5,0,2.5,1,1.0,2,0.6068702290076337,-0.7542067307692308,0.9696969696969698,3925,1198.8929488381991,0.0,1.0
234,2018-08-23,1.5,0,2.5,1,1.5,2,0.4465648854961834,-0.8263221153846155,-0.34848484848484834,4614,1372.4132084172898,0.0,1.0
235,2018-08-24,1.5,0,2.5,1,1.5,2,0.5458015267175576,-0.10516826923076925,0.7424242424242425,4181,1263.9093285734077,0.0,1.0
236,2018-08-25,1.5,0,2.5,1,1.5,1,0.5839694656488552,0.6977163461538464,0.30303030303030304,3107,986.1302354811677,1.0,0.0
237,2018-08-26,1.5,0,2.5,1,0.5,2,0.6297709923664123,0.6448317307692306,-0.9848484848484849,3893,1190.7175071356828,1.0,0.0
238,2018-08-27,1.5,0,2.5,1,0.0,1,0.5687022900763359,1.0727163461538463,1.9848484848484849,889,346.0838399890205,0.0,1.0
239,2018-08-28,1.5,0,2.5,1,0.0,2,0.652671755725191,-0.3118990384615384,1.2575757575757576,2919,935.9899553284658,0.0,1.0
240,2018-08-29,1.5,0,2.5,1,1.0,2,0.43129770992366434,-0.34555288461538464,-0.21212121212121218,3905,1193.7845922581819,0.0,1.0
241,2018-08-30,1.5,0,2.5,1,1.5,2,0.43893129770992373,-0.37920673076923095,-0.5606060606060606,4429,1326.2699035503056,0.0,1.0
242,2018-08-31,1.5,0,2.5,1,1.5,2,0.4923664122137405,-0.13882211538461553,-0.9848484848484849,4370,1311.487546759812,0.0,1.0
243,2018-01-09,0.0,0,0.0,1,0.0,2,0.4923664122137405,0.05829326923076917,-0.3939393939393939,4332,1301.9492861357041,0.0,1.0
244,2018-02-09,0.0,0,1.0,1,1.5,1,0.4541984732824428,0.4813701923076925,-0.409090909090909,3852,1180.2264934720577,0.0,1.0
245,2018-03-09,0.0,0,1.5,1,1.5,2,0.5305343511450382,0.43329326923076944,0.04545454545454557,2549,835.7032473564967,0.0,1.0
246,2018-04-09,1.0,0,1.5,1,0.0,2,0.6603053435114506,0.5534855769230771,0.25757575757575774,2419,799.9099361890025,0.0,1.0
247,2018-05-09,1.0,0,2.0,1,1.0,1,0.5458015267175576,0.7842548076923078,0.33333333333333354,2115,714.9263305162469,0.0,1.0
248,2018-06-09,1.0,0,3.0,1,1.5,0,0.12595419847328262,1.250600961538462,1.6515151515151516,2506,823.8980150716627,1.0,0.0
249,2018-07-09,1.5,0,2.0,1,0.0,0,0.3167938931297712,1.394831730769231,-0.8484848484848485,1878,647.2712188308805,0.0,1.0
250,2018-08-09,1.5,0,2.5,1,1.5,0,0.42366412213740473,1.505408653846154,0.12121212121212133,1689,592.3060247344481,0.0,1.0
251,2018-09-09,1.5,0,2.5,1,0.5,1,0.46946564885496206,1.3034855769230769,-0.5757575757575756,3127,991.4343634981657,1.0,0.0
252,2018-10-09,1.0,0,2.0,1,0.0,2,0.5076335877862598,0.611177884615385,-0.2727272727272726,3595,1114.036205525675,0.0,1.0
253,2018-11-09,1.0,0,1.5,1,1.5,2,0.4847328244274811,0.4188701923076926,-0.6666666666666666,3413,1066.6906886881986,0.0,1.0
254,2018-12-09,1.0,0,1.0,1,0.5,2,0.4541984732824428,0.31310096153846173,-0.9242424242424242,4023,1223.8623166729028,1.0,0.0
255,2018-09-13,1.5,0,2.5,1,1.5,2,0.47709923664122145,0.4092548076923079,-0.3939393939393939,4062,1233.7710864218952,0.0,1.0
256,2018-09-14,1.5,0,2.5,1,1.5,2,0.5458015267175576,0.33713942307692324,-0.13636363636363644,4138,1253.0355801552073,0.0,1.0
257,2018-09-15,1.5,0,2.5,1,1.5,1,0.24809160305343517,0.3948317307692311,0.9242424242424242,3231,1018.9265751869024,1.0,0.0
258,2018-09-16,1.5,0,2.5,1,0.5,1,-0.0954198473282443,-0.17728365384615388,-0.16666666666666663,4018,1222.5908182515861,1.0,0.0
259,2018-09-17,1.5,0,2.5,1,0.0,1,-0.01908396946564886,0.43810096153846145,0.09090909090909086,3077,978.1634623960019,0.0,1.0
260,2018-09-18,1.5,0,2.5,1,0.0,2,0.02671755725190851,0.3275240384615385,-0.015151515151515098,2921,936.5261121654562,0.0,1.0
261,2018-09-19,1.5,0,2.5,1,1.0,1,0.15648854961832068,0.303485576923077,-0.28787878787878796,3848,1179.2019963810044,0.0,1.0
262,2018-09-20,1.5,0,2.5,1,1.5,1,0.1946564885496184,1.2217548076923075,-0.46969696969696967,3203,1011.5393812861815,0.0,1.0
263,2018-09-21,1.5,0,2.5,1,1.5,1,0.3015267175572519,1.3131009615384617,-0.8484848484848485,3813,1170.2301277517895,0.0,1.0
264,2018-09-22,1.5,0,2.5,1,1.5,1,0.4083969465648857,1.3227163461538465,-0.5303030303030303,4240,1278.799165958666,1.0,0.0
265,2018-09-23,1.0,0,2.5,1,0.5,1,0.3473282442748093,1.6592548076923082,-1.0303030303030303,2137,721.141073140188,1.0,0.0
266,2018-09-24,1.0,0,2.5,1,0.0,1,0.33969465648854963,1.1304086538461542,-1.0303030303030303,3647,1127.490121927702,0.0,1.0
267,2018-09-25,1.0,0,2.5,1,0.0,1,0.42366412213740473,1.0486778846153848,-1.3181818181818181,3466,1080.5201739807565,0.0,1.0
268,2018-09-26,1.0,0,2.5,1,1.0,1,0.46946564885496206,1.0631009615384615,-0.712121212121212,3946,1204.2521036160817,0.0,1.0
269,2018-09-27,1.0,0,2.5,1,1.5,1,0.43129770992366434,1.240985576923077,-0.6363636363636362,3643,1126.4563343374873,0.0,1.0
270,2018-09-28,1.0,0,2.5,1,1.5,1,0.42366412213740473,1.0679086538461542,-0.3181818181818181,3427,1070.3471821307915,0.0,1.0
271,2018-09-29,1.0,0,2.5,1,1.5,2,0.37022900763358796,0.346754807692308,-0.07575757575757576,4186,1265.172517245491,1.0,0.0
272,2018-09-30,1.0,0,2.5,1,0.5,2,0.20229007633587806,0.10156249999999988,0.25757575757575774,4372,1311.9891804701317,1.0,0.0
273,2018-01-10,0.0,0,0.0,1,1.0,1,-0.27862595419847325,0.611177884615385,1.1363636363636367,1949,667.6796120208456,0.0,1.0
274,2018-02-10,0.0,0,1.0,1,1.5,1,-0.44656488549618323,0.7938701923076925,0.42424242424242437,2302,767.4238467497443,1.0,0.0
275,2018-03-10,0.0,0,1.5,1,1.5,1,-0.3549618320610686,0.6448317307692306,-0.9848484848484849,3240,1021.2987837510512,1.0,0.0
276,2018-04-10,1.0,0,1.5,1,0.0,2,-0.041984732824427544,0.39963942307692313,0.25757575757575774,3970,1210.371094308497,0.0,1.0
277,2018-05-10,1.0,0,2.0,1,1.5,2,0.12595419847328262,0.10156249999999988,-0.030303030303030196,4267,1285.6017375629037,0.0,1.0
278,2018-06-10,1.0,0,3.0,1,0.5,2,-0.011450381679389207,-0.028245192307692242,-0.46969696969696967,4126,1249.99772528739,1.0,0.0
279,2018-07-10,1.5,0,2.0,1,0.0,2,0.03435114503816789,0.2746394230769234,-1.6060606060606062,4036,1227.1669934432023,0.0,1.0
280,2018-08-10,1.5,0,2.5,1,1.5,2,0.0725190839694656,0.35637019230769207,-1.378787878787879,3174,1003.8771175008947,0.0,1.0
281,2018-09-10,1.5,0,2.5,1,0.0,2,0.133587786259542,0.4861778846153845,-1.1818181818181819,3114,987.9873192383538,0.0,1.0
282,2018-10-10,1.0,0,2.0,1,1.0,2,0.22519083969465647,0.5150240384615388,-1.4090909090909092,3603,1116.1081176497169,0.0,1.0
283,2018-11-10,1.0,0,1.5,1,1.5,1,0.20992366412213745,0.8756009615384619,-0.3787878787878788,3896,1191.4844244661347,1.0,0.0
284,2018-12-10,1.0,0,1.0,1,0.0,0,0.14122137404580165,1.3419471153846152,0.6818181818181821,2199,738.5990095881458,0.0,1.0
285,2018-10-13,1.0,0,2.0,1,1.5,1,0.28625954198473286,1.298677884615385,-0.3939393939393939,2623,855.9427633308728,1.0,0.0
286,2018-10-14,1.0,0,2.0,1,0.5,1,0.16412213740458034,0.4284855769230767,0.43939393939393945,3115,988.2525606623947,1.0,0.0
287,2018-10-15,1.0,0,2.0,1,0.0,2,0.02671755725190851,-0.691706730769231,0.7878787878787881,3318,1041.8127664849064,0.0,1.0
288,2018-10-16,1.0,0,2.0,1,0.0,2,0.041984732824427544,-0.6724759615384615,1.0303030303030303,3293,1035.2465246320432,0.0,1.0
289,2018-10-17,1.0,0,2.0,1,1.0,2,0.11068702290076332,-0.22536057692307696,-0.045454545454545296,3857,1181.506868054682,0.0,1.0
290,2018-10-18,1.0,0,2.0,1,1.5,1,0.10305343511450395,0.3611778846153848,-0.712121212121212,4111,1246.1983557518256,0.0,1.0
291,2018-10-19,1.0,0,2.0,1,1.5,0,0.133587786259542,1.2890625000000002,0.6363636363636366,2170,730.4434507519785,0.0,1.0
292,2018-10-20,1.0,0,2.0,1,1.5,2,-0.0725190839694656,0.04387019230769238,2.454545454545455,3724,1147.3543556285642,1.0,0.0
293,2018-10-21,1.0,0,2.0,1,0.5,2,-0.22519083969465647,-0.2542067307692309,0.4090909090909093,3628,1122.5779608511136,1.0,0.0
294,2018-10-22,1.0,0,2.0,1,0.0,2,-0.2404580152671755,0.010216346153846086,-0.8939393939393939,2809,906.4066177402291,0.0,1.0
295,2018-10-23,1.0,0,2.0,1,0.0,2,-0.2404580152671755,0.5486778846153845,-0.8181818181818181,2762,893.7084940746096,0.0,1.0
296,2018-10-24,1.0,0,2.0,1,1.0,2,-0.11068702290076332,0.6977163461538464,-0.6212121212121212,3488,1086.250444990836,0.0,1.0
297,2018-10-25,1.0,0,2.0,1,1.5,2,-0.08778625954198464,-0.01862980769230783,-0.13636363636363644,3992,1215.9748093478327,0.0,1.0
298,2018-10-26,1.0,0,2.0,1,1.5,1,-0.041984732824427544,0.4477163461538462,-0.3181818181818181,3490,1086.7710825251877,0.0,1.0
299,2018-10-27,1.0,0,2.0,1,1.5,1,-0.08778625954198464,0.8948317307692307,0.181818181818182,2419,799.9099361890025,1.0,0.0
300,2018-10-28,1.0,0,2.0,1,0.5,1,-0.5229007633587787,-0.19651442307692304,0.5000000000000001,3291,1034.7208707224124,1.0,0.0
301,2018-10-29,1.0,0,2.0,1,0.0,0,-0.767175572519084,1.2265625000000002,1.7272727272727275,570,238.41040895736,0.0,1.0
302,2018-10-30,1.0,0,2.0,1,0.0,2,-0.5610687022900764,-0.013822115384615455,-0.045454545454545296,2446,807.3695157290107,0.0,1.0
303,2018-10-31,1.0,0,2.0,1,1.0,2,-0.5,0.3659855769230768,-0.7575757575757576,3307,1038.9246293247793,0.0,1.0
304,2018-01-11,0.0,0,0.0,1,1.5,2,-0.3091603053435116,0.2746394230769234,-0.4545454545454546,3658,1130.3320740317724,0.0,1.0
305,2018-02-11,0.0,0,1.0,1,0.5,2,-0.37786259541984735,0.4429086538461542,-1.0,3816,1170.9996758097382,1.0,0.0
306,2018-03-11,0.0,0,1.5,1,0.5,2,-0.28625954198473286,0.3611778846153848,-0.43939393939393945,3656,1129.815460460537,1.0,0.0
307,2018-04-11,1.0,0,1.5,1,1.0,1,-0.3015267175572519,-0.023437499999999868,0.9242424242424242,3576,1109.1123613274838,0.0,1.0
308,2018-05-11,1.0,0,2.0,1,1.5,2,-0.5381679389312977,-0.5186298076923078,0.09090909090909086,2770,895.8723786393195,0.0,1.0
309,2018-06-11,1.0,0,3.0,1,0.0,2,-0.4694656488549618,0.5198317307692308,-0.8939393939393939,2697,876.0882785375744,0.0,1.0
310,2018-07-11,1.5,0,2.0,1,1.0,2,-0.3244274809160306,0.6352163461538465,-1.2575757575757578,3662,1131.3651614062985,0.0,1.0
311,2018-08-11,1.5,0,2.5,1,1.5,2,-0.28625954198473286,0.45733173076923095,-1.1363636363636365,3829,1174.3332318925095,1.0,0.0
312,2018-09-11,1.5,0,2.5,1,0.0,2,-0.3091603053435116,0.6304086538461537,-1.196969696969697,3804,1167.920883812738,0.0,1.0
313,2018-10-11,1.0,0,2.0,1,1.5,1,-0.3702290076335878,0.8948317307692307,0.09090909090909086,2743,888.5651164773321,0.0,1.0
314,2018-11-11,1.0,0,1.5,0,0.5,2,-0.5458015267175572,-0.8695913461538463,1.363636363636364,2928,938.4021844731263,1.0,0.0
315,2018-12-11,1.0,0,1.0,1,0.0,2,-0.44656488549618323,-0.35516826923076944,0.3181818181818181,2792,901.8177563576695,0.0,1.0
316,2018-11-13,1.0,0,1.5,1,0.0,2,-0.1793893129770991,-0.8118990384615387,1.0303030303030303,2713,880.4320007835837,0.0,1.0
317,2018-11-14,1.0,0,1.5,1,1.0,2,0.0954198473282443,-0.19170673076923067,1.272727272727273,3891,1190.206174747336,0.0,1.0
318,2018-11-15,1.0,0,1.5,1,1.5,1,0.0954198473282443,0.2986778846153849,0.1969696969696971,3746,1153.0173537331327,0.0,1.0
319,2018-11-16,1.0,0,1.5,1,1.5,0,-0.133587786259542,1.457331730769231,-0.43939393939393945,1672,587.3137499684829,0.0,1.0
320,2018-11-17,1.0,0,1.5,1,1.5,1,-0.4923664122137405,-0.24459134615384612,1.272727272727273,2914,934.6492979527596,1.0,0.0
321,2018-11-18,1.0,0,1.5,1,0.5,2,-0.7061068702290078,-1.0426682692307694,-0.12121212121212106,3147,996.7328973389274,1.0,0.0
322,2018-11-19,1.0,0,1.5,1,0.0,2,-0.5305343511450382,-0.6003605769230769,0.43939393939393945,2720,882.3310491674534,0.0,1.0
323,2018-11-20,1.0,0,1.5,1,0.0,1,-0.11068702290076332,0.2794471153846154,0.06060606060606066,2733,885.8557163533678,0.0,1.0
324,2018-11-21,1.0,0,1.5,1,1.0,0,-0.16412213740458007,1.3611778846153848,-0.43939393939393945,2545,834.6064803208709,0.0,1.0
325,2018-11-22,1.0,0,1.5,0,1.5,0,-0.2557251908396945,1.611177884615385,-0.6212121212121212,1538,547.6611247954874,1.0,0.0
326,2018-11-23,1.0,0,1.5,1,1.5,1,-0.1793893129770991,0.6304086538461537,1.575757575757576,2454,809.5771470224014,0.0,1.0
327,2018-11-24,1.0,0,1.5,1,1.5,2,-0.39312977099236635,-0.3743990384615386,-0.13636363636363644,935,361.0258925619378,1.0,0.0
328,2018-11-25,1.0,0,1.5,1,0.5,2,-0.38549618320610685,0.08233173076923106,-0.8333333333333334,1697,594.6524583462125,1.0,0.0
329,2018-11-26,1.0,0,1.5,1,0.0,2,-0.38549618320610685,0.26502403846153866,-1.1363636363636365,1819,630.2152065298083,0.0,1.0
330,2018-11-27,1.0,0,1.5,1,0.0,2,-0.12595419847328235,0.3419471153846153,0.28787878787878796,2261,755.9759138115535,0.0,1.0
331,2018-11-28,1.0,0,1.5,1,1.0,2,0.011450381679389478,0.5582932692307692,-0.3939393939393939,3614,1118.9557581379254,0.0,1.0
332,2018-11-29,1.0,0,1.5,1,1.5,1,-0.12595419847328235,0.9813701923076922,0.7878787878787881,2818,908.8341588427478,0.0,1.0
333,2018-11-30,1.0,0,1.5,1,1.5,2,-0.5458015267175572,-0.06670673076923092,0.9242424242424242,3425,1069.8249770341968,0.0,1.0
334,2018-01-12,0.0,0,0.0,1,1.5,2,-0.583969465648855,-0.4897836538461539,0.4090909090909093,3545,1101.069438364129,0.0,1.0
335,2018-02-12,0.0,0,1.0,1,0.0,2,-0.5763358778625954,-0.004206730769230701,-0.8030303030303031,3672,1133.9470659114643,0.0,1.0
336,2018-03-12,0.0,0,1.5,1,0.0,2,-0.6221374045801527,-0.06670673076923092,-0.8636363636363635,2908,933.0400079864769,0.0,1.0
337,2018-04-12,1.0,0,1.5,1,1.5,2,-0.5229007633587787,0.7169471153846152,-0.9848484848484849,2851,917.7242380523587,0.0,1.0
338,2018-05-12,1.0,0,2.0,1,1.5,1,-0.3549618320610686,0.9621394230769234,-1.196969696969697,3578,1109.630863601524,1.0,0.0
339,2018-06-12,1.0,0,3.0,1,0.0,0,-0.11068702290076332,1.553485576923077,0.5303030303030303,2468,813.4376481310104,0.0,1.0
340,2018-07-12,1.5,0,2.0,1,1.5,0,-0.27862595419847325,1.6496394230769234,0.8636363636363639,655,267.8989808110825,0.0,1.0
341,2018-08-12,1.5,0,2.5,1,0.5,2,-0.7290076335877863,-0.22536057692307696,0.6060606060606064,3172,1003.3482608411592,1.0,0.0
342,2018-09-12,1.5,0,2.5,1,1.0,2,-0.6526717557251909,0.33233173076923056,-1.0,3359,1052.5637764586806,0.0,1.0
343,2018-10-12,1.0,0,2.0,1,1.5,2,-0.6984732824427481,-0.5715144230769232,0.5303030303030303,2688,873.6430673793083,0.0,1.0
344,2018-11-12,1.0,0,1.5,0,0.0,2,-0.8664122137404582,-0.6580528846153847,-1.1515151515151516,2366,785.2269030867175,1.0,0.0
345,2018-12-12,1.0,0,1.0,1,1.0,2,-0.8129770992366413,0.21213942307692282,-1.1818181818181819,3167,1002.0258784003827,0.0,1.0
346,2018-12-13,1.0,0,1.0,1,1.5,2,-0.6755725190839695,-0.17728365384615388,-0.409090909090909,3368,1054.9208484979367,0.0,1.0
347,2018-12-14,1.0,0,1.0,1,1.5,1,-0.5687022900763359,0.17848557692307723,-1.2121212121212122,3562,1105.4815039608372,0.0,1.0
348,2018-12-15,1.0,0,1.0,1,1.5,1,-0.2404580152671755,0.034254807692307626,0.893939393939394,3528,1096.6538806068083,1.0,0.0
349,2018-12-16,1.0,0,1.0,1,0.5,1,-0.38549618320610685,-0.6099759615384617,0.8181818181818182,3399,1063.0317198148628,1.0,0.0
350,2018-12-17,1.0,0,1.0,1,0.0,1,-0.751908396946565,-0.3167067307692307,0.6363636363636366,2464,812.3350173658794,0.0,1.0
351,2018-12-18,1.0,0,1.0,1,0.0,2,-0.8129770992366413,-0.19651442307692304,-0.10606060606060595,2211,741.9685230207859,0.0,1.0
352,2018-12-19,1.0,0,1.0,1,1.0,2,-0.6984732824427481,0.053485576923076796,-0.07575757575757576,3143,995.6736361096029,0.0,1.0
353,2018-12-20,1.0,0,1.0,1,1.5,1,-0.3549618320610686,-0.15324519230769232,-1.2121212121212122,3534,1098.212712740408,0.0,1.0
354,2018-12-21,1.0,0,1.0,1,1.5,1,-0.2175572519083968,1.1111778846153846,0.4090909090909093,2553,836.7997304731155,0.0,1.0
355,2018-12-22,0.0,0,1.0,1,1.5,1,-0.2328244274809161,0.6304086538461537,-1.3484848484848484,2841,915.0320763253328,1.0,0.0
356,2018-12-23,0.0,0,1.0,1,0.5,2,-0.39312977099236635,0.28425480769230743,0.9545454545454545,2046,695.3647861260014,1.0,0.0
357,2018-12-24,0.0,0,1.0,1,0.0,2,-0.6145038167938931,-0.4080528846153845,0.10606060606060623,856,335.2860452366701,0.0,1.0
358,2018-12-25,0.0,0,1.0,0,0.0,2,-0.6984732824427481,0.2602163461538459,-0.25757575757575746,451,195.8548217186385,1.0,0.0
359,2018-12-26,0.0,0,1.0,1,1.0,2,-0.5534351145038169,-0.5763221153846153,0.5909090909090909,887,345.4313341035415,0.0,1.0
360,2018-12-27,0.0,0,1.0,1,1.5,1,-0.5458015267175572,0.6496394230769234,0.07575757575757576,1059,400.7207401288093,0.0,1.0
361,2018-12-28,0.0,0,1.0,1,1.5,2,-0.6221374045801527,-0.5907451923076924,1.1515151515151516,2047,695.6490560121491,0.0,1.0
362,2018-12-29,0.0,0,1.0,1,1.5,2,-0.7824427480916032,-0.2542067307692309,-0.6212121212121212,2169,730.1619051050498,1.0,0.0
363,2018-12-30,0.0,0,1.0,1,0.5,2,-0.583969465648855,0.04867788461538476,-0.46969696969696967,2508,824.4478326218276,1.0,0.0
364,2018-12-31,0.0,0,1.0,1,0.0,2,-0.27862595419847325,-0.052283653846153785,0.4090909090909093,1820,630.5050442917037,0.0,1.0
365,2019-01-01,0.0,1,0.0,0,0.0,2,-0.400763358778626,0.31310096153846173,0.12121212121212133,1608,568.4432919372906,1.0,0.0
366,2019-02-01,0.0,1,1.0,1,1.5,2,-0.7061068702290078,-1.1820913461538463,1.5151515151515156,1707,597.5829361155191,0.0,1.0
367,2019-03-01,0.0,1,1.5,1,1.5,2,-1.087786259541985,-0.8936298076923077,1.878787878787879,2147,723.9624619731009,0.0,1.0
368,2019-04-01,1.0,1,1.5,1,0.0,1,-1.2251908396946565,-1.018629807692308,0.04545454545454557,2273,759.3300467958439,0.0,1.0
369,2019-05-01,1.0,1,2.0,1,1.0,2,-0.7290076335877863,-0.4945913461538463,-0.5151515151515152,3132,992.7595197855363,0.0,1.0
370,2019-06-01,1.0,1,3.0,1,1.5,2,-0.5152671755725192,-0.4080528846153845,-0.13636363636363644,3791,1164.5837169094652,1.0,0.0
371,2019-07-01,1.5,1,2.0,1,0.0,2,-0.33206106870228996,-0.4561298076923076,-0.06060606060606066,3451,1076.609731308797,0.0,1.0
372,2019-08-01,1.5,1,2.5,1,1.5,2,-0.5076335877862596,-0.7782451923076924,0.10606060606060623,2826,910.9908994532848,0.0,1.0
373,2019-09-01,1.5,1,2.5,1,0.5,1,-0.8587786259541986,0.3611778846153848,-0.8333333333333334,2270,758.4917880259724,1.0,0.0
374,2019-10-01,1.0,1,2.0,1,0.0,2,-0.5916030534351145,0.09675480769230785,0.07575757575757576,3425,1069.8249770341968,0.0,1.0
375,2019-11-01,1.0,1,1.5,1,1.5,1,-0.7061068702290078,1.0631009615384615,-0.4999999999999999,2085,706.4344527150466,0.0,1.0
376,2019-12-01,1.0,1,1.0,1,0.5,1,-0.3625954198473283,0.8467548076923077,0.0,3828,1174.0768708715264,1.0,0.0
377,2019-01-13,0.0,1,0.0,1,0.5,2,-0.7061068702290078,-0.5715144230769232,2.0000000000000004,3040,968.3200961311751,1.0,0.0
378,2019-01-14,0.0,1,0.0,1,0.0,2,-0.9961832061068703,-0.8118990384615387,0.06060606060606066,2160,727.6270291494999,0.0,1.0
379,2019-01-15,0.0,1,0.0,1,0.0,2,-1.0419847328244276,-0.9993990384615387,0.7121212121212123,2027,689.9592877907784,0.0,1.0
380,2019-01-16,0.0,1,0.0,1,1.0,2,-0.9656488549618321,-0.5042067307692307,0.5151515151515152,2081,705.3006847577167,0.0,1.0
381,2019-01-17,0.0,1,0.0,1,1.5,1,-0.39312977099236635,0.4284855769230767,1.7121212121212122,2808,906.1368118061073,0.0,1.0
382,2019-01-18,0.0,1,0.0,1,1.5,2,-0.6145038167938931,-0.8840144230769234,2.378787878787879,3267,1028.4089019323471,0.0,1.0
383,2019-01-19,0.0,1,0.0,1,1.5,2,-0.9656488549618321,-0.6195913461538464,0.4090909090909093,3162,1000.7031514655595,1.0,0.0
384,2019-01-20,0.0,1,0.0,1,0.5,1,-0.8816793893129772,-0.8503605769230771,0.2272727272727273,3048,970.4500584794504,1.0,0.0
385,2019-01-21,0.0,1,0.0,0,0.0,1,-1.019083969465649,0.9813701923076922,0.42424242424242437,1234,455.4685409541771,1.0,0.0
386,2019-01-22,0.0,1,0.0,1,0.0,1,-1.0496183206106873,0.8131009615384613,0.1969696969696971,1781,619.1817351661088,0.0,1.0
387,2019-01-23,0.0,1,0.0,1,1.0,1,-0.8740458015267176,1.3659855769230769,-0.712121212121212,2287,763.2395123205788,0.0,1.0
388,2019-01-24,0.0,1,0.0,1,1.5,2,-0.4923664122137405,1.0054086538461537,-0.5757575757575756,3900,1192.506829372234,0.0,1.0
389,2019-01-25,0.0,1,0.0,1,1.5,2,-0.6374045801526719,0.08233173076923106,-0.19696969696969682,3803,1167.664245545382,0.0,1.0
390,2019-01-26,0.0,1,0.0,1,1.5,1,-0.4923664122137405,0.6881009615384617,-1.0909090909090908,3831,1174.845920799979,1.0,0.0
391,2019-01-27,0.0,1,0.0,1,0.5,1,-0.2328244274809161,0.5486778846153845,1.6515151515151516,3187,1007.3133475137616,1.0,0.0
392,2019-01-28,0.0,1,0.0,1,0.0,2,-0.5763358778625954,-0.4032451923076925,0.30303030303030304,3248,1023.4065010009393,0.0,1.0
393,2019-01-29,0.0,1,0.0,1,0.0,2,-0.6755725190839695,-1.518629807692308,0.6060606060606064,2685,872.827697003033,0.0,1.0
394,2019-01-30,0.0,1,0.0,1,1.0,2,-0.7213740458015268,-1.0859375,0.3636363636363637,3498,1088.8531407637438,0.0,1.0
395,2019-01-31,0.0,1,0.0,1,1.5,2,-0.33969465648854963,-1.0090144230769231,0.8181818181818182,4185,1264.919899434957,0.0,1.0
396,2019-01-02,0.0,1,0.0,1,1.0,2,-0.0954198473282443,-0.5715144230769232,0.09090909090909086,4275,1287.615948850227,0.0,1.0
397,2019-02-02,0.0,1,1.0,1,1.5,1,-0.3091603053435116,0.2217548076923076,0.06060606060606066,3571,1107.8158962461885,1.0,0.0
398,2019-03-02,0.0,1,1.5,1,1.5,2,-0.583969465648855,-0.48016826923076916,-0.015151515151515098,3841,1177.4087035194786,1.0,0.0
399,2019-04-02,1.0,1,1.5,1,0.0,1,-0.7366412213740459,0.7361778846153847,-0.5909090909090909,2448,807.9215350859249,0.0,1.0
400,2019-05-02,1.0,1,2.0,1,1.5,1,-0.7290076335877863,0.29387019230769224,-0.045454545454545296,2629,857.5796439091682,0.0,1.0
401,2019-06-02,1.0,1,3.0,1,0.5,2,-0.6755725190839695,-0.023437499999999868,-0.2727272727272726,3578,1109.630863601524,1.0,0.0
402,2019-07-02,1.5,1,2.0,1,0.0,2,-0.4541984732824428,-0.6292067307692308,-0.33333333333333326,4176,1262.6458906445528,0.0,1.0
403,2019-08-02,1.5,1,2.5,1,1.5,1,-0.7595419847328245,0.462139423076923,-0.46969696969696967,2693,875.001684491646,0.0,1.0
404,2019-09-02,1.5,1,2.5,0,0.0,2,-0.7290076335877863,-0.3118990384615384,0.13636363636363644,3667,1132.6562588651518,1.0,0.0
405,2019-10-02,1.0,1,2.0,1,1.0,1,-0.6832061068702291,-0.4176682692307693,-0.6515151515151515,3604,1116.367053267359,0.0,1.0
406,2019-11-02,1.0,1,1.5,1,1.5,0,-0.8587786259541986,0.5006009615384613,1.106060606060606,1977,675.6940749005519,1.0,0.0
407,2019-12-02,1.0,1,1.0,1,0.0,2,-1.1641221374045803,-0.7782451923076924,2.3181818181818183,1456,523.11637966106,0.0,1.0
408,2019-02-13,0.0,1,1.0,1,1.0,2,-0.8664122137404582,-1.037860576923077,-0.13636363636363644,3328,1044.4369751021195,0.0,1.0
409,2019-02-14,0.0,1,1.0,1,1.5,1,-0.5610687022900764,-0.566706730769231,-0.3939393939393939,3787,1163.5565167217103,0.0,1.0
410,2019-02-15,0.0,1,1.0,1,1.5,2,-0.4694656488549618,-0.4609375,0.015151515151515098,4028,1225.1335543964344,0.0,1.0
411,2019-02-16,0.0,1,1.0,1,1.5,1,-0.5687022900763359,0.6063701923076923,-0.9090909090909092,2931,939.2059888606826,1.0,0.0
412,2019-02-17,0.0,1,1.0,1,0.5,2,-0.48473282442748095,0.03906250000000001,0.25757575757575774,3805,1168.1775109495238,1.0,0.0
413,2019-02-18,0.0,1,1.0,0,0.0,2,-0.47709923664122145,-0.44170673076923084,0.10606060606060623,2883,926.3287204219757,1.0,0.0
414,2019-02-19,0.0,1,1.0,1,0.0,1,-0.6832061068702291,-0.5330528846153846,0.7424242424242425,2071,702.4646898210841,0.0,1.0
415,2019-02-20,0.0,1,1.0,1,1.0,2,-0.6832061068702291,-0.5715144230769232,0.48484848484848503,2627,857.034085600588,0.0,1.0
416,2019-02-21,0.0,1,1.0,1,1.5,2,-0.6603053435114504,-0.1580528846153847,0.25757575757575774,3614,1118.9557581379254,0.0,1.0
417,2019-02-22,0.0,1,1.0,1,1.5,2,-0.3244274809160306,-0.2830528846153848,0.5454545454545454,4379,1313.7446004509768,0.0,1.0
418,2019-02-23,0.0,1,1.0,1,1.5,2,-0.14122137404580137,-0.34555288461538464,0.10606060606060623,4546,1355.4885575365151,1.0,0.0
419,2019-02-24,0.0,1,1.0,1,0.5,1,-0.28625954198473286,0.5342548076923076,0.5757575757575759,3241,1021.5622953222788,1.0,0.0
420,2019-02-25,0.0,1,1.0,1,0.0,2,-0.6526717557251909,-1.1099759615384617,2.454545454545455,2415,798.8036482185898,0.0,1.0
421,2019-02-26,0.0,1,1.0,1,0.0,2,-0.6908396946564885,-1.0426682692307694,0.25757575757575774,2874,923.9103097716629,0.0,1.0
422,2019-02-27,0.0,1,1.0,1,1.0,2,-0.41603053435114506,-0.6532451923076923,0.893939393939394,4069,1235.5479183207653,0.0,1.0
423,2019-02-28,0.0,1,1.0,1,1.5,2,-0.43893129770992373,-1.1099759615384617,0.13636363636363644,4134,1252.023123565905,0.0,1.0
424,2019-01-03,0.0,1,0.0,1,1.5,2,-0.041984732824427544,-0.05709134615384616,0.46969696969696967,4665,1385.0796835865003,0.0,1.0
425,2019-02-03,0.0,1,1.0,1,0.5,1,-0.4541984732824428,0.14483173076923092,-0.3636363636363637,2948,943.7583214047988,1.0,0.0
426,2019-03-03,0.0,1,1.5,1,0.5,1,-0.2633587786259542,-0.028245192307692242,-0.19696969696969682,3110,986.9262129559621,1.0,0.0
427,2019-04-03,1.0,1,1.5,1,1.0,2,-0.5381679389312977,-1.0763221153846156,1.5606060606060606,2713,880.4320007835837,0.0,1.0
428,2019-05-03,1.0,1,2.0,1,1.5,2,-0.7977099236641222,-0.5811298076923077,0.48484848484848503,3130,992.22949918491,0.0,1.0
429,2019-06-03,1.0,1,3.0,1,0.0,2,-0.751908396946565,-0.8167067307692307,0.21212121212121218,3735,1150.1865425963954,0.0,1.0
430,2019-07-03,1.5,1,2.0,1,1.0,2,-0.29389312977099225,-0.5474759615384618,1.6818181818181819,4484,1340.0208279988065,0.0,1.0
431,2019-08-03,1.5,1,2.5,1,1.5,2,0.0877862595419849,-0.2830528846153848,2.651515151515152,4896,1442.1696932205127,1.0,0.0
432,2019-09-03,1.5,1,2.5,1,0.0,1,-0.27862595419847325,-1.0570913461538463,2.378787878787879,4122,1248.984783233005,0.0,1.0
433,2019-10-03,1.0,1,2.0,1,1.5,2,-0.6603053435114504,-1.331129807692308,0.4545454545454546,3150,997.5271974836746,0.0,1.0
434,2019-11-03,1.0,1,1.5,1,0.5,2,-0.43129770992366406,-0.7205528846153846,0.42424242424242437,3253,1024.7233892678512,1.0,0.0
435,2019-12-03,1.0,1,1.0,1,0.0,2,-0.10305343511450367,-0.6628605769230771,0.2727272727272729,4460,1334.023866792113,0.0,1.0
436,2019-03-13,0.0,1,1.5,1,1.0,2,0.20992366412213745,-0.04266826923076937,0.5757575757575759,5085,1488.5492297976737,0.0,1.0
437,2019-03-14,0.0,1,1.5,1,1.5,2,0.2328244274809161,-0.5763221153846153,-0.6666666666666666,5315,1544.608537348506,0.0,1.0
438,2019-03-15,0.0,1,1.5,1,1.5,2,0.18702290076335876,-0.22536057692307696,-0.3181818181818181,5187,1513.460850207032,0.0,1.0
439,2019-03-16,0.0,1,1.5,1,1.5,1,-0.1946564885496184,1.034254807692308,-0.6818181818181819,3830,1174.589581867542,1.0,0.0
440,2019-03-17,0.0,1,1.5,1,0.5,1,0.049618320610687196,0.620793269230769,-0.712121212121212,4681,1389.0487620910237,1.0,0.0
441,2019-03-18,0.0,1,1.5,1,0.0,1,-0.08015267175572525,0.880408653846154,-0.5454545454545454,3685,1137.3018084027924,0.0,1.0
442,2019-03-19,0.0,1,1.5,1,0.0,2,0.14122137404580165,0.49098557692307726,-0.1818181818181817,5171,1509.5585286377698,0.0,1.0
443,2019-03-20,1.0,1,1.5,1,1.0,2,0.1946564885496184,0.8707932692307692,-0.6060606060606061,5042,1478.0226376989715,0.0,1.0
444,2019-03-21,1.0,1,1.5,1,1.5,1,0.10305343511450395,0.933293269230769,-0.9242424242424242,5108,1494.173698899877,0.0,1.0
445,2019-03-22,1.0,1,1.5,1,1.5,2,0.17175572519083973,0.9813701923076922,-0.6363636363636362,5537,1598.3393659603796,0.0,1.0
446,2019-03-23,1.0,1,1.5,1,1.5,1,0.3244274809160306,0.3227163461538465,-0.6515151515151515,5893,1683.769296021873,1.0,0.0
447,2019-03-24,1.0,1,1.5,1,0.5,1,0.011450381679389478,1.240985576923077,0.12121212121212133,2339,777.7260527543231,1.0,0.0
448,2019-03-25,1.0,1,1.5,1,0.0,1,-0.1946564885496184,1.2217548076923075,0.4090909090909093,3464,1079.9989431973872,0.0,1.0
449,2019-03-26,1.0,1,1.5,1,0.0,2,-0.16412213740458007,-0.7157451923076925,2.090909090909091,4763,1409.3553590378424,0.0,1.0
450,2019-03-27,1.0,1,1.5,1,1.0,2,-0.5458015267175572,-1.6195913461538465,0.06060606060606066,4571,1361.7156785254354,0.0,1.0
451,2019-03-28,1.0,1,1.5,1,1.5,2,-0.041984732824427544,-0.7013221153846154,1.1212121212121213,5024,1473.6117648296447,0.0,1.0
452,2019-03-29,1.0,1,1.5,1,1.5,2,-0.011450381679389207,-0.9032451923076925,1.409090909090909,5299,1540.721903024544,0.0,1.0
453,2019-03-30,1.0,1,1.5,1,1.5,1,-0.400763358778626,-0.22055288461538458,-0.4242424242424241,4663,1384.5833909927733,1.0,0.0
454,2019-03-31,1.0,1,1.5,1,0.5,1,-0.2328244274809161,0.5342548076923076,0.7121212121212123,3934,1201.190307262746,1.0,0.0
455,2019-01-04,0.0,1,0.0,1,1.5,1,-0.22519083969465647,0.2361778846153844,-0.09090909090909086,3694,1139.6231784593715,0.0,1.0
456,2019-02-04,0.0,1,1.0,1,0.0,2,-0.20229007633587778,-0.5907451923076924,1.3333333333333333,4728,1400.6950224162147,0.0,1.0
457,2019-03-04,0.0,1,1.5,1,0.0,2,-0.10305343511450367,-1.1051682692307692,-0.8181818181818181,5424,1571.035222275948,0.0,1.0
458,2019-04-04,1.0,1,1.5,1,1.5,2,0.133587786259542,-0.7542067307692308,0.0,5378,1559.8934642657418,0.0,1.0
459,2019-05-04,1.0,1,2.0,1,1.5,2,-0.20229007633587778,-1.2157451923076925,0.3939393939393939,5265,1532.4563662400326,1.0,0.0
460,2019-06-04,1.0,1,3.0,1,0.0,2,-0.3015267175572519,-1.2013221153846154,1.2121212121212124,4653,1382.1014008615925,0.0,1.0
461,2019-07-04,1.5,1,2.0,0,1.5,2,-0.1946564885496184,-1.7926682692307696,0.9545454545454545,3605,1116.6259770315996,1.0,0.0
462,2019-08-04,1.5,1,2.5,1,0.5,2,0.003816793893129826,-1.6868990384615385,0.5303030303030303,2939,941.3488041138488,1.0,0.0
463,2019-09-04,1.5,1,2.5,1,1.0,2,-0.02671755725190824,-1.4849759615384617,1.8030303030303032,4680,1388.8007603336036,0.0,1.0
464,2019-10-04,1.0,1,2.0,1,1.5,2,-0.16412213740458007,-0.9224759615384617,0.6969696969696969,5099,1491.9733183245205,0.0,1.0
465,2019-11-04,1.0,1,1.5,1,0.0,2,-0.4694656488549618,-0.7542067307692308,1.166666666666667,4380,1313.995336925589,0.0,1.0
466,2019-12-04,1.0,1,1.0,1,1.0,2,-0.3167938931297709,-0.7734375,1.1212121212121213,4746,1405.1502259717029,0.0,1.0
467,2019-04-13,1.0,1,1.5,1,1.5,2,-0.1793893129770991,-1.0522836538461542,-0.25757575757575746,5146,1503.4571593362807,1.0,0.0
468,2019-04-14,1.0,1,1.5,1,0.5,2,-0.011450381679389207,-0.5955528846153848,0.10606060606060623,4665,1385.0796835865003,1.0,0.0
469,2019-04-15,1.0,1,1.5,1,0.0,2,0.33969465648854963,-0.5715144230769232,0.4545454545454546,4286,1290.3844743933196,0.0,1.0
470,2019-04-16,1.0,1,1.5,0,0.0,2,0.5152671755725192,-0.3118990384615384,1.060606060606061,5172,1509.802482039078,1.0,0.0
471,2019-04-17,1.0,1,1.5,1,1.0,2,0.33969465648854963,-1.1388221153846156,0.9393939393939396,5702,1638.0439775701461,0.0,1.0
472,2019-04-18,1.0,1,1.5,1,1.5,1,-0.11068702290076332,-0.2782451923076924,-0.12121212121212106,4020,1223.0994489280145,0.0,1.0
473,2019-04-19,1.0,1,1.5,1,1.5,2,-0.003816793893129826,-0.07151442307692295,-1.1666666666666665,5719,1642.123900375827,0.0,1.0
474,2019-04-20,1.0,1,1.5,1,1.5,2,0.0877862595419849,0.3275240384615385,-0.3181818181818181,5950,1697.3674011888054,1.0,0.0
475,2019-04-21,1.0,1,1.5,1,0.5,2,0.22519083969465647,0.26983173076923067,1.0454545454545456,4083,1239.1000703934594,1.0,0.0
476,2019-04-22,1.0,1,1.5,1,0.0,0,-0.3167938931297709,1.0006009615384617,1.666666666666667,907,351.94557169304267,0.0,1.0
477,2019-04-23,1.0,1,1.5,1,0.0,1,-0.5534351145038169,0.6736778846153848,1.2424242424242427,3019,962.7245367827899,0.0,1.0
478,2019-04-24,1.0,1,1.5,1,1.0,2,-0.27099236641221386,-0.8311298076923078,0.6969696969696969,5115,1495.8846637908866,0.0,1.0
479,2019-04-25,1.0,1,1.5,1,1.5,2,-0.0725190839694656,-0.9561298076923079,-0.6212121212121212,5541,1599.3041894161581,0.0,1.0
480,2019-04-26,1.0,1,1.5,1,1.5,1,-0.003816793893129826,0.6256009615384618,-0.045454545454545296,4551,1356.7344327789174,0.0,1.0
481,2019-04-27,1.0,1,1.5,1,1.5,2,-0.12595419847328235,-1.0859375,1.6969696969696972,5219,1521.259544051545,1.0,0.0
482,2019-04-28,1.0,1,1.5,1,0.5,1,-0.38549618320610685,-0.6580528846153847,-0.5151515151515152,3100,984.2724613008353,1.0,0.0
483,2019-04-29,1.0,1,1.5,1,0.0,2,-0.12595419847328235,-0.19170673076923067,-0.6515151515151515,4075,1237.0705157154268,0.0,1.0
484,2019-04-30,1.0,1,1.5,1,0.0,1,-0.11068702290076332,-0.27343750000000006,-0.09090909090909086,4907,1444.8770262715873,0.0,1.0
485,2019-01-05,0.0,1,0.0,1,1.5,1,0.3549618320610689,0.1592548076923077,-0.24242424242424238,5087,1489.038480432397,1.0,0.0
486,2019-02-05,0.0,1,1.0,1,0.0,2,0.20229007633587806,0.8179086538461541,-0.43939393939393945,5502,1589.8922444685409,0.0,1.0
487,2019-03-05,0.0,1,1.5,1,0.0,1,0.1946564885496184,0.6784855769230769,-0.46969696969696967,5657,1627.2344738044228,0.0,1.0
488,2019-04-05,1.0,1,1.5,1,1.5,2,0.400763358778626,0.5198317307692308,-0.1818181818181817,5227,1523.2079832487318,0.0,1.0
489,2019-05-05,1.0,1,2.0,1,0.5,1,0.385496183206107,0.6256009615384618,-0.2727272727272726,4387,1315.750227941076,1.0,0.0
490,2019-06-05,1.0,1,3.0,1,1.0,1,0.20229007633587806,0.5438701923076924,-0.3181818181818181,4224,1274.7646415564818,0.0,1.0
491,2019-07-05,1.5,1,2.0,1,1.5,1,0.11832061068702297,0.17848557692307723,0.5151515151515152,5265,1532.4563662400326,0.0,1.0
492,2019-08-05,1.5,1,2.5,1,0.0,1,0.2557251908396948,0.28425480769230743,1.166666666666667,4990,1465.2729913412295,0.0,1.0
493,2019-09-05,1.5,1,2.5,1,1.5,1,0.24045801526717578,0.5631009615384619,0.3636363636363637,4097,1242.6502135387661,0.0,1.0
494,2019-10-05,1.0,1,2.0,1,1.5,2,0.01908396946564886,-0.35997596153846145,1.3484848484848486,5546,1600.5100571617136,1.0,0.0
495,2019-11-05,1.0,1,1.5,1,0.0,2,0.11068702290076332,-1.2830528846153848,0.5757575757575759,5711,1640.2041863130057,0.0,1.0
496,2019-12-05,1.0,1,1.0,1,1.5,2,0.20229007633587806,-0.7061298076923078,-0.5909090909090909,4807,1420.2277626947325,0.0,1.0
497,2019-05-13,1.0,1,2.0,1,0.0,2,0.3549618320610689,-0.24459134615384612,0.4545454545454546,3946,1204.2521036160817,0.0,1.0
498,2019-05-14,1.0,1,2.0,1,0.0,1,0.2328244274809161,0.7842548076923078,0.33333333333333354,2501,822.5231542962496,0.0,1.0
499,2019-05-15,1.0,1,2.0,1,1.0,1,0.3549618320610689,0.8082932692307694,-0.33333333333333326,4490,1341.5192399209775,0.0,1.0
500,2019-05-16,1.0,1,2.0,1,1.5,2,0.43129770992366434,0.3419471153846153,-0.5909090909090909,6433,1811.7544146088362,0.0,1.0
501,2019-05-17,1.0,1,2.0,1,1.5,2,0.2938931297709925,-0.5138221153846154,0.5000000000000001,6142,1743.0149095856677,0.0,1.0
502,2019-05-18,1.0,1,2.0,1,1.5,2,0.20229007633587806,-0.49939903846153866,-0.43939393939393945,6118,1737.321990811202,1.0,0.0
503,2019-05-19,1.0,1,2.0,1,0.5,2,0.3167938931297712,-0.8215144230769231,-0.9848484848484849,4884,1439.2150941345078,1.0,0.0
504,2019-05-20,1.0,1,2.0,1,0.0,2,0.385496183206107,-0.46574519230769235,0.7424242424242425,4425,1325.2687410980934,0.0,1.0
505,2019-05-21,1.0,1,2.0,1,0.0,1,0.3091603053435116,0.885216346153846,0.5303030303030303,3729,1148.6418842005094,0.0,1.0
506,2019-05-22,1.0,1,2.0,1,1.0,1,0.3625954198473283,0.6688701923076922,-0.6363636363636362,5254,1529.7803387215213,0.0,1.0
507,2019-05-23,1.0,1,2.0,1,1.5,1,0.385496183206107,0.7121394230769231,-0.8030303030303031,4494,1342.5179976598067,0.0,1.0
508,2019-05-24,1.0,1,2.0,1,1.5,2,0.4923664122137405,0.43329326923076944,-0.07575757575757576,5711,1640.2041863130057,0.0,1.0
509,2019-05-25,1.0,1,2.0,1,1.5,2,0.5687022900763359,0.5775240384615387,-0.409090909090909,5317,1545.0942308058843,1.0,0.0
510,2019-05-26,1.0,1,2.0,1,0.5,2,0.6068702290076337,0.5054086538461541,0.181818181818182,3681,1136.2697882246957,1.0,0.0
511,2019-05-27,1.0,1,2.0,0,0.0,2,0.5992366412213742,0.33713942307692324,0.3484848484848486,3308,1039.1872526690424,1.0,0.0
512,2019-05-28,1.0,1,2.0,1,0.0,2,0.66793893129771,0.2361778846153844,0.16666666666666663,3486,1085.729758200896,0.0,1.0
513,2019-05-29,1.0,1,2.0,1,1.0,2,0.6984732824427484,0.2794471153846154,1.166666666666667,4863,1434.0416610998639,0.0,1.0
514,2019-05-30,1.0,1,2.0,1,1.5,1,0.4923664122137405,0.2073317307692308,-0.46969696969696967,6110,1735.4235329992198,0.0,1.0
515,2019-05-31,1.0,1,2.0,1,1.5,2,0.5687022900763359,-0.6436298076923079,0.15151515151515152,6238,1765.7500606528345,0.0,1.0
516,2019-01-06,0.0,1,0.0,1,0.5,1,0.4847328244274811,0.615985576923077,0.5757575757575759,3594,1113.7771630546602,1.0,0.0
517,2019-02-06,0.0,1,1.0,1,1.0,2,0.2633587786259542,-0.3743990384615386,0.06060606060606066,5325,1547.036703357085,0.0,1.0
518,2019-03-06,0.0,1,1.5,1,1.0,2,0.3244274809160306,-0.6436298076923079,0.030303030303030467,5147,1503.7013078575874,0.0,1.0
519,2019-04-06,1.0,1,1.5,1,1.5,2,0.3091603053435116,-0.6724759615384615,1.060606060606061,5927,1691.883044475699,1.0,0.0
520,2019-05-06,1.0,1,2.0,1,0.0,1,0.133587786259542,-0.06670673076923092,0.28787878787878796,6033,1717.1298118325444,0.0,1.0
521,2019-06-06,1.0,1,3.0,1,1.5,2,0.17175572519083973,-0.07632211538461532,-1.0454545454545454,6028,1715.94058068144,0.0,1.0
522,2019-07-06,1.5,1,2.0,1,1.5,2,0.3244274809160306,-0.2878605769230768,-0.24242424242424238,6456,1817.165278905218,1.0,0.0
523,2019-08-06,1.5,1,2.5,1,0.0,2,0.46946564885496206,-0.7638221153846156,-0.045454545454545296,6248,1768.1149721566517,0.0,1.0
524,2019-09-06,1.5,1,2.5,1,1.5,2,0.6603053435114506,-0.9128605769230769,-0.3636363636363637,4790,1416.0290158240853,0.0,1.0
525,2019-10-06,1.0,1,2.0,1,0.5,2,0.7137404580152674,-0.427283653846154,-0.46969696969696967,4374,1312.490776321712,1.0,0.0
526,2019-11-06,1.0,1,1.5,1,1.0,1,0.6984732824427484,-0.18689903846153863,0.2727272727272729,5647,1624.8304386319658,0.0,1.0
527,2019-12-06,1.0,1,1.0,1,1.5,1,0.4847328244274811,0.9909855769230769,0.3484848484848486,4495,1342.7676641735025,0.0,1.0
528,2019-06-13,1.0,1,3.0,1,1.5,2,0.4923664122137405,-0.2157451923076922,1.6515151515151516,6248,1768.1149721566517,0.0,1.0
529,2019-06-14,1.0,1,3.0,1,1.5,2,0.46946564885496206,-0.27343750000000006,0.7424242424242425,6183,1752.7318339153996,0.0,1.0
530,2019-06-15,1.0,1,3.0,1,1.5,2,0.43893129770992373,-0.17728365384615388,-0.045454545454545296,6102,1733.524665037237,1.0,0.0
531,2019-06-16,1.0,1,3.0,1,0.5,2,0.41603053435114506,-0.5907451923076924,-0.13636363636363644,4739,1403.4179786502327,1.0,0.0
532,2019-06-17,1.0,1,3.0,1,0.0,2,0.2938931297709925,-0.13401442307692316,-0.3636363636363637,4344,1304.9628541684447,0.0,1.0
533,2019-06-18,1.0,1,3.0,1,0.0,1,0.2175572519083971,0.7265625,-0.06060606060606066,4446,1330.523181721662,0.0,1.0
534,2019-06-19,1.0,1,3.0,1,1.0,2,0.5916030534351145,0.303485576923077,-0.33333333333333326,5857,1675.1698448084117,0.0,1.0
535,2019-06-20,1.0,1,3.0,1,1.5,2,0.889312977099237,-0.1676682692307691,-0.6818181818181819,5339,1550.4348724284484,0.0,1.0
536,2019-06-21,1.5,1,3.0,1,1.5,2,0.9580152671755727,-0.2830528846153848,-0.6212121212121212,5127,1498.8168481337605,0.0,1.0
537,2019-06-22,1.5,1,3.0,1,1.5,2,0.8740458015267176,-0.2542067307692309,0.030303030303030467,4859,1433.055827802298,1.0,0.0
538,2019-06-23,1.5,1,3.0,1,0.5,2,0.7290076335877864,-0.44170673076923084,-0.015151515151515098,4801,1418.7461322147783,1.0,0.0
539,2019-06-24,1.5,1,3.0,1,0.0,2,0.7671755725190842,-0.7109375000000001,-0.34848484848484834,4340,1303.9584842821384,0.0,1.0
540,2019-06-25,1.5,1,3.0,1,0.0,2,0.6755725190839696,-0.5907451923076924,1.2121212121212124,5640,1623.1471961231794,0.0,1.0
541,2019-06-26,1.5,1,3.0,1,1.0,2,0.41603053435114506,-1.220552884615385,1.6969696969696972,6365,1795.7383523921387,0.0,1.0
542,2019-06-27,1.5,1,3.0,1,1.5,2,0.622137404580153,-1.2830528846153848,0.9242424242424242,6258,1770.479259260771,0.0,1.0
543,2019-06-28,1.5,1,3.0,1,1.5,2,0.7824427480916032,-0.9849759615384616,-0.09090909090909086,5958,1699.274183104504,0.0,1.0
544,2019-06-29,1.5,1,3.0,1,1.5,2,1.0496183206106875,-0.6628605769230771,-0.15151515151515152,4634,1377.3831927859126,1.0,0.0
545,2019-06-30,1.5,1,3.0,1,0.5,2,0.83587786259542,-0.12439903846153841,-0.19696969696969682,4232,1276.7822183316355,1.0,0.0
546,2019-01-07,0.0,1,0.0,1,0.0,2,0.9885496183206108,-0.5186298076923078,-0.12121212121212106,4110,1245.94498321024,0.0,1.0
547,2019-02-07,0.0,1,1.0,1,1.5,2,0.8816793893129773,-0.8647836538461539,0.15151515151515152,5323,1546.5511303846492,0.0,1.0
548,2019-03-07,0.0,1,1.5,1,1.5,2,0.8816793893129773,-0.6484375,-0.5454545454545454,5608,1615.447975846985,0.0,1.0
549,2019-04-07,1.0,1,1.5,1,0.5,2,0.9122137404580154,-0.4224759615384617,-0.46969696969696967,4841,1428.6179190491405,1.0,0.0
550,2019-05-07,1.0,1,2.0,1,0.0,2,1.0267175572519085,-0.8118990384615387,0.13636363636363644,4836,1427.3846838196703,0.0,1.0
551,2019-06-07,1.0,1,3.0,1,1.5,2,1.0343511450381682,-0.8455528846153847,-0.34848484848484834,4841,1428.6179190491405,0.0,1.0
552,2019-07-07,1.5,1,2.0,1,0.5,2,1.133587786259542,-0.6484375,-0.16666666666666663,3392,1061.2013033826076,1.0,0.0
553,2019-08-07,1.5,1,2.5,1,1.0,2,1.0114503816793898,-0.2542067307692309,-0.5606060606060606,3469,1081.301927128722,0.0,1.0
554,2019-09-07,1.5,1,2.5,1,1.5,1,0.6603053435114506,0.26983173076923067,0.0,5571,1606.5367093844163,1.0,0.0
555,2019-10-07,1.0,1,2.0,1,0.0,1,0.6984732824427484,0.19771634615384603,-0.28787878787878796,5336,1549.7068172300449,0.0,1.0
556,2019-11-07,1.0,1,1.5,1,1.5,2,0.6832061068702291,0.029447115384615252,-0.28787878787878796,6289,1777.8045937568356,0.0,1.0
557,2019-12-07,1.0,1,1.0,1,1.5,2,0.6755725190839696,-0.46574519230769235,-0.34848484848484834,6414,1807.282162679795,1.0,0.0
558,2019-07-13,1.5,1,2.0,1,1.5,1,0.7290076335877864,-0.6772836538461539,-1.0151515151515151,5988,1706.4208589743646,1.0,0.0
559,2019-07-14,1.5,1,2.0,1,0.5,1,0.637404580152672,0.346754807692308,-0.3787878787878788,4614,1372.4132084172898,1.0,0.0
560,2019-07-15,1.5,1,2.0,1,0.0,2,0.7748091603053437,0.43810096153846145,-0.13636363636363644,4111,1246.1983557518256,0.0,1.0
561,2019-07-16,1.5,1,2.0,1,0.0,2,0.8282442748091605,0.08713942307692309,-0.16666666666666663,5742,1647.6406131732897,0.0,1.0
562,2019-07-17,1.5,1,2.0,1,1.0,2,1.0038167938931302,-0.5811298076923077,-0.6666666666666666,5865,1677.0815857842251,0.0,1.0
563,2019-07-18,1.5,1,2.0,1,1.5,2,0.9198473282442751,-0.23978365384615374,-0.43939393939393945,4914,1446.599353169796,0.0,1.0
564,2019-07-19,1.5,1,2.0,1,1.5,2,0.8511450381679392,-0.12920673076923078,-0.15151515151515152,5703,1638.2840285284865,0.0,1.0
565,2019-07-20,1.5,1,2.0,1,1.5,1,0.5229007633587788,1.0438701923076927,0.28787878787878796,5123,1497.8395792904087,1.0,0.0
566,2019-07-21,1.5,1,2.0,1,0.5,0,0.3015267175572519,1.1448317307692308,0.33333333333333354,3195,1009.4268008540256,1.0,0.0
567,2019-07-22,1.5,1,2.0,1,0.0,1,0.5305343511450382,0.6496394230769234,-0.8787878787878788,4866,1434.7809482760283,0.0,1.0
568,2019-07-23,1.5,1,2.0,1,0.0,2,0.7595419847328245,0.3227163461538465,-0.4242424242424241,5831,1668.9537074321004,0.0,1.0
569,2019-07-24,1.5,1,2.0,1,1.0,2,0.7900763358778629,0.13521634615384617,0.3181818181818181,6452,1816.2244877892135,0.0,1.0
570,2019-07-25,1.5,1,2.0,1,1.5,2,0.7061068702290078,-0.8503605769230771,-0.16666666666666663,6790,1895.3886332357795,0.0,1.0
571,2019-07-26,1.5,1,2.0,1,1.5,2,0.8664122137404583,-0.14362980769230757,1.060606060606061,5825,1667.518565402314,0.0,1.0
572,2019-07-27,1.5,1,2.0,1,1.5,2,0.8816793893129773,-0.15324519230769232,-0.2727272727272726,5645,1624.3495473465093,1.0,0.0
573,2019-07-28,1.5,1,2.0,1,0.5,2,0.8053435114503819,-0.06670673076923092,-0.24242424242424238,4451,1331.7736348755986,1.0,0.0
574,2019-07-29,1.5,1,2.0,1,0.0,2,0.6984732824427484,-0.013822115384615455,-0.10606060606060595,4444,1330.0229355071924,0.0,1.0
575,2019-07-30,1.5,1,2.0,1,0.0,2,0.7290076335877864,0.20252403846153877,-0.2727272727272726,6065,1724.7370475153707,0.0,1.0
576,2019-07-31,1.5,1,2.0,1,1.0,2,0.66793893129771,0.37079326923076955,-0.15151515151515152,6248,1768.1149721566517,0.0,1.0
577,2019-01-08,0.0,1,0.0,1,0.0,2,0.6832061068702291,0.24579326923076913,-0.3939393939393939,6506,1828.9170763567886,0.0,1.0
578,2019-02-08,0.0,1,1.0,1,1.5,2,0.7977099236641222,0.1592548076923077,-0.5151515151515152,6278,1775.2059649148073,0.0,1.0
579,2019-03-08,0.0,1,1.5,1,1.5,1,0.83587786259542,0.0727163461538463,0.3636363636363637,5847,1672.7795626076309,0.0,1.0
580,2019-04-08,1.0,1,1.5,1,0.0,2,0.9198473282442751,-0.06670673076923092,0.7727272727272727,4479,1338.7718986980408,0.0,1.0
581,2019-05-08,1.0,1,2.0,1,1.0,2,0.8435114503816796,0.12079326923076938,1.1212121212121213,3757,1155.8467937442877,0.0,1.0
582,2019-06-08,1.0,1,3.0,1,1.5,1,0.7977099236641222,0.13040865384615413,-0.5151515151515152,5780,1656.7472051855113,1.0,0.0
583,2019-07-08,1.5,1,2.0,1,0.0,1,0.7442748091603054,0.37079326923076955,-0.6515151515151515,5995,1708.087565762408,0.0,1.0
584,2019-08-08,1.5,1,2.5,1,1.5,1,0.7900763358778629,0.2217548076923076,-0.712121212121212,6271,1773.5519009293623,0.0,1.0
585,2019-09-08,1.5,1,2.5,1,0.5,2,0.8053435114503819,-0.03305288461538462,-0.24242424242424238,6090,1730.6755926920225,1.0,0.0
586,2019-10-08,1.0,1,2.0,1,0.0,1,0.6755725190839696,0.4284855769230767,0.5909090909090909,4721,1398.9616879613686,0.0,1.0
587,2019-11-08,1.0,1,1.5,1,1.5,1,0.6068702290076337,0.510216346153846,0.25757575757575774,4052,1231.2318784197676,0.0,1.0
588,2019-12-08,1.0,1,1.0,1,0.5,2,0.6297709923664123,-0.46574519230769235,-0.5909090909090909,4362,1309.4806329271344,1.0,0.0
589,2019-08-13,1.5,1,2.5,1,0.0,2,0.6984732824427484,-0.39362980769230776,-0.4545454545454546,5676,1631.8002104814784,0.0,1.0
590,2019-08-14,1.5,1,2.5,1,1.0,2,0.7137404580152674,0.28906250000000017,-0.12121212121212106,5656,1626.9941018574152,0.0,1.0
591,2019-08-15,1.5,1,2.5,1,1.5,2,0.652671755725191,-0.03305288461538462,-0.10606060606060595,6149,1744.6746523700274,0.0,1.0
592,2019-08-16,1.5,1,2.5,1,1.5,2,0.6908396946564888,-0.5186298076923078,-0.3939393939393939,6267,1772.6065847533998,0.0,1.0
593,2019-08-17,1.5,1,2.5,1,1.5,2,0.7061068702290078,-0.26862980769230765,0.5151515151515152,5665,1629.1571971304986,1.0,0.0
594,2019-08-18,1.5,1,2.5,1,0.5,2,0.5610687022900765,-0.114783653846154,-0.030303030303030196,5038,1477.0426685619361,1.0,0.0
595,2019-08-19,1.5,1,2.5,1,0.0,1,0.43129770992366434,0.4092548076923079,-0.9545454545454546,3341,1047.8465025406092,0.0,1.0
596,2019-08-20,1.5,1,2.5,1,0.0,1,0.43129770992366434,0.5150240384615388,-0.5151515151515152,5504,1590.3751754535604,0.0,1.0
597,2019-08-21,1.5,1,2.5,1,1.0,2,0.46946564885496206,0.2265625000000003,-1.0909090909090908,5925,1691.4059781276394,0.0,1.0
598,2019-08-22,1.5,1,2.5,1,1.5,2,0.5305343511450382,0.2409855769230771,-1.121212121212121,6281,1775.91475631823,0.0,1.0
599,2019-08-23,1.5,1,2.5,1,1.5,2,0.6145038167938933,0.04387019230769238,-0.9696969696969697,6402,1804.4564565484588,0.0,1.0
600,2019-08-24,1.5,1,2.5,1,1.5,1,0.637404580152672,-0.05709134615384616,-1.1060606060606062,6257,1770.2428586151912,1.0,0.0
601,2019-08-25,1.5,1,2.5,1,0.5,1,0.5076335877862598,0.41406249999999994,0.6515151515151514,4224,1274.7646415564818,1.0,0.0
602,2019-08-26,1.5,1,2.5,1,0.0,1,0.4847328244274811,1.0534855769230769,0.48484848484848503,3772,1159.70291981073,0.0,1.0
603,2019-08-27,1.5,1,2.5,1,0.0,2,0.637404580152672,0.4957932692307693,-0.5303030303030303,5928,1692.1215676895456,0.0,1.0
604,2019-08-28,1.5,1,2.5,1,1.0,2,0.7213740458015268,-0.03305288461538462,0.10606060606060623,6105,1734.2367886271638,0.0,1.0
605,2019-08-29,1.5,1,2.5,1,1.5,2,0.5839694656488552,-0.35997596153846145,-0.6969696969696969,6520,1832.2049053770183,0.0,1.0
606,2019-08-30,1.5,1,2.5,1,1.5,2,0.652671755725191,-0.17728365384615388,-1.0454545454545454,6541,1837.1344662803056,0.0,1.0
607,2019-08-31,1.5,1,2.5,1,1.5,2,0.8282442748091605,-0.18689903846153863,-0.12121212121212106,5917,1689.4974469388342,1.0,0.0
608,2019-01-09,0.0,1,0.0,1,1.0,1,0.7977099236641222,0.053485576923076796,-0.6818181818181819,3788,1163.81333354325,0.0,1.0
609,2019-02-09,0.0,1,1.0,1,1.5,1,0.622137404580153,0.9044471153846155,-1.1818181818181819,3197,1009.9550276977674,1.0,0.0
610,2019-03-09,0.0,1,1.5,1,1.5,2,0.652671755725191,0.7890624999999999,-0.30303030303030304,4069,1235.5479183207653,1.0,0.0
611,2019-04-09,1.0,1,1.5,1,0.0,2,0.7137404580152674,0.615985576923077,0.5606060606060608,5997,1708.5637087144437,0.0,1.0
612,2019-05-09,1.0,1,2.0,1,1.5,2,0.7442748091603054,0.5486778846153845,0.07575757575757576,6280,1775.678498724415,0.0,1.0
613,2019-06-09,1.0,1,3.0,1,0.5,1,0.622137404580153,0.880408653846154,-0.3939393939393939,5592,1611.595649327462,1.0,0.0
614,2019-07-09,1.5,1,2.0,1,0.0,2,0.637404580152672,0.5246394230769229,-0.09090909090909086,6459,1817.8708091306657,0.0,1.0
615,2019-08-09,1.5,1,2.5,1,1.5,1,0.5000000000000001,0.8275240384615389,1.0151515151515154,4419,1323.7667173880589,0.0,1.0
616,2019-09-09,1.5,1,2.5,1,0.0,2,0.3473282442748093,-0.37920673076923095,0.43939393939393945,5657,1627.2344738044228,0.0,1.0
617,2019-10-09,1.0,1,2.0,1,1.0,2,0.2633587786259542,-0.5907451923076924,0.7878787878787881,6407,1805.6339402076428,0.0,1.0
618,2019-11-09,1.0,1,1.5,1,1.5,2,0.24809160305343517,-0.5138221153846154,-0.8939393939393939,6697,1873.6729852021608,1.0,0.0
619,2019-12-09,1.0,1,1.0,1,0.0,2,0.3167938931297712,-0.23978365384615374,-0.4999999999999999,6820,1902.3831868991153,0.0,1.0
620,2019-09-13,1.5,1,2.5,1,1.5,2,0.3549618320610689,0.04867788461538476,-1.0,6750,1886.0546229389045,0.0,1.0
621,2019-09-14,1.5,1,2.5,1,1.5,2,0.42366412213740473,0.21694711538461556,-0.7727272727272727,6630,1857.9975556055515,1.0,0.0
622,2019-09-15,1.5,1,2.5,1,0.5,2,0.33969465648854963,-0.6003605769230769,0.6818181818181821,5554,1602.4390725830533,1.0,0.0
623,2019-09-16,1.5,1,2.5,1,0.0,2,0.2557251908396948,-0.27343750000000006,-0.9242424242424242,5167,1508.5826371781473,0.0,1.0
624,2019-09-17,1.5,1,2.5,1,0.0,1,0.2557251908396948,0.5198317307692308,-0.28787878787878796,5847,1672.7795626076309,0.0,1.0
625,2019-09-18,1.5,1,2.5,1,1.0,1,0.3931297709923666,1.1784855769230773,1.8030303030303032,3702,1141.6858352268096,0.0,1.0
626,2019-09-19,1.5,1,2.5,1,1.5,2,0.17175572519083973,-0.4320913461538461,0.3484848484848486,6803,1898.420231185996,0.0,1.0
627,2019-09-20,1.5,1,2.5,1,1.5,2,0.14885496183206104,-0.04266826923076937,-0.6363636363636362,6781,1893.289273724345,0.0,1.0
628,2019-09-21,1.5,1,2.5,1,1.5,2,0.3167938931297712,0.20252403846153877,-0.2727272727272726,6917,1924.9643130936963,1.0,0.0
629,2019-09-22,1.5,1,2.5,1,0.5,2,0.46946564885496206,0.09675480769230785,1.0454545454545456,5883,1681.381431180975,1.0,0.0
630,2019-09-23,1.0,1,2.5,1,0.0,2,0.0954198473282443,-0.7686298076923077,0.43939393939393945,5453,1578.0513576535463,0.0,1.0
631,2019-09-24,1.0,1,2.5,1,0.0,2,0.049618320610687196,-0.6436298076923079,-0.3939393939393939,6435,1812.2250510981335,0.0,1.0
632,2019-09-25,1.0,1,2.5,1,1.0,2,0.16412213740458034,-0.27343750000000006,0.5606060606060608,6693,1872.7378673027752,0.0,1.0
633,2019-09-26,1.0,1,2.5,1,1.5,2,0.42366412213740473,0.01983173076923084,0.6515151515151514,6946,1931.7051994773674,0.0,1.0
634,2019-09-27,1.0,1,2.5,1,1.5,1,0.46946564885496206,0.308293269230769,-0.46969696969696967,6642,1860.8070092653018,0.0,1.0
635,2019-09-28,1.0,1,2.5,1,1.5,1,0.37786259541984735,0.303485576923077,-0.16666666666666663,6370,1796.9169621656358,1.0,0.0
636,2019-09-29,1.0,1,2.5,1,0.5,2,0.133587786259542,-0.4032451923076925,0.46969696969696967,5966,1701.1805426546382,1.0,0.0
637,2019-09-30,1.0,1,2.5,1,0.0,2,0.0877862595419849,-0.21093750000000017,-0.46969696969696967,4874,1436.7520132746877,0.0,1.0
638,2019-01-10,0.0,1,0.0,1,1.5,1,0.0725190839694656,0.1063701923076926,-0.9090909090909092,6015,1712.8478175944072,0.0,1.0
639,2019-02-10,0.0,1,1.0,1,0.5,0,0.28625954198473286,1.1784855769230773,-0.7727272727272727,4324,1299.9394757281445,1.0,0.0
640,2019-03-10,0.0,1,1.5,1,0.5,1,0.5000000000000001,0.8034855769230773,-1.1515151515151516,6844,1907.975174998537,1.0,0.0
641,2019-04-10,1.0,1,1.5,1,1.0,1,0.5000000000000001,0.462139423076923,-0.6363636363636362,6437,1812.6956634549583,0.0,1.0
642,2019-05-10,1.0,1,2.0,1,1.5,2,0.3625954198473283,0.00540865384615371,-0.7575757575757576,6640,1860.3388251827332,0.0,1.0
643,2019-06-10,1.0,1,3.0,1,0.0,2,0.17175572519083973,0.17848557692307723,0.893939393939394,4934,1451.518059264022,0.0,1.0
644,2019-07-10,1.5,1,2.0,1,1.0,1,-0.2633587786259542,0.3900240384615384,-0.3939393939393939,2729,884.7714985847869,0.0,1.0
645,2019-08-10,1.5,1,2.5,1,1.5,1,-0.3625954198473283,0.39963942307692313,0.09090909090909086,4604,1369.9268840149061,1.0,0.0
646,2019-09-10,1.5,1,2.5,1,0.0,1,-0.16412213740458007,0.6496394230769234,0.10606060606060623,5791,1659.3814780464927,0.0,1.0
647,2019-10-10,1.0,1,2.0,1,1.5,2,0.049618320610687196,0.01983173076923084,0.07575757575757576,6911,1923.5690653423183,0.0,1.0
648,2019-11-10,1.0,1,1.5,1,0.5,2,-0.20229007633587778,-0.7878605769230772,0.015151515151515098,6736,1882.7855655293943,1.0,0.0
649,2019-12-10,1.0,1,1.0,1,0.0,2,-0.1946564885496184,-0.4224759615384617,0.5606060606060608,6222,1761.964900582853,0.0,1.0
650,2019-10-13,1.0,1,2.0,1,0.5,2,-0.33206106870228996,-0.6340144230769231,-0.34848484848484834,4857,1432.562860947714,1.0,0.0
651,2019-10-14,1.0,1,2.0,0,0.0,2,0.0725190839694656,0.06310096153846155,1.0,4559,1358.7273636007399,1.0,0.0
652,2019-10-15,1.0,1,2.0,1,0.0,1,0.1946564885496184,0.3900240384615384,1.166666666666667,5115,1495.8846637908866,0.0,1.0
653,2019-10-16,1.0,1,2.0,1,1.0,2,-0.0954198473282443,-0.3311298076923079,0.015151515151515098,6612,1853.781801297107,0.0,1.0
654,2019-10-17,1.0,1,2.0,1,1.5,2,-0.133587786259542,0.31790865384615374,-0.8030303030303031,6482,1823.278080251745,0.0,1.0
655,2019-10-18,1.0,1,2.0,1,1.5,1,0.0725190839694656,0.4861778846153845,0.5757575757575759,6501,1827.742568925406,0.0,1.0
656,2019-10-19,1.0,1,2.0,1,1.5,1,0.20229007633587806,0.9044471153846155,-0.46969696969696967,4671,1386.568350818547,1.0,0.0
657,2019-10-20,1.0,1,2.0,1,0.5,2,-0.041984732824427544,-0.25901442307692324,-0.6363636363636362,5284,1537.0764245893806,1.0,0.0
658,2019-10-21,1.0,1,2.0,1,0.0,2,-0.11068702290076332,-0.5618990384615385,-0.15151515151515152,4692,1391.7762050035176,0.0,1.0
659,2019-10-22,1.0,1,2.0,1,0.0,2,-0.03435114503816789,-0.2830528846153848,-1.0,6228,1763.3845235830609,0.0,1.0
660,2019-10-23,1.0,1,2.0,1,1.0,2,0.14122137404580165,0.0727163461538463,-0.8787878787878788,6625,1856.8267023719823,0.0,1.0
661,2019-10-24,1.0,1,2.0,1,1.5,2,0.27862595419847347,0.04387019230769238,-1.0909090909090908,6898,1920.5453426264735,0.0,1.0
662,2019-10-25,1.0,1,2.0,1,1.5,1,0.16412213740458034,0.8323317307692308,-0.5757575757575756,6484,1823.748127997351,0.0,1.0
663,2019-10-26,1.0,1,2.0,1,1.5,1,0.14885496183206104,0.8659855769230772,-0.48484848484848475,6262,1771.4247995309772,1.0,0.0
664,2019-10-27,1.0,1,2.0,1,0.5,1,0.0954198473282443,0.4477163461538462,0.5606060606060608,5209,1518.823301920067,1.0,0.0
665,2019-10-28,1.0,1,2.0,1,0.0,1,-0.06488549618320595,0.3275240384615385,2.2121212121212124,3461,1079.2170039118016,0.0,1.0
666,2019-10-29,1.0,1,2.0,1,0.0,0,-0.18702290076335876,1.2169471153846156,1.8030303030303032,20,13.413580847402942,0.0,1.0
667,2019-10-30,1.0,1,2.0,1,1.0,1,-0.5687022900763359,0.9525240384615385,0.33333333333333354,1009,384.81236719858185,0.0,1.0
668,2019-10-31,1.0,1,2.0,1,1.5,1,-0.43893129770992373,0.19290865384615402,-0.13636363636363644,5147,1503.7013078575874,0.0,1.0
669,2019-01-11,0.0,1,0.0,1,1.5,1,-0.41603053435114506,-0.2157451923076922,-0.24242424242424238,5520,1594.2375821111516,0.0,1.0
670,2019-02-11,0.0,1,1.0,1,0.0,2,-0.44656488549618323,-0.5042067307692307,0.8636363636363639,5229,1523.6950161475236,0.0,1.0
671,2019-03-11,0.0,1,1.5,1,0.0,1,-0.48473282442748095,-0.6532451923076923,0.9090909090909094,4109,1245.6916004974498,0.0,1.0
672,2019-04-11,1.0,1,1.5,1,1.5,2,-0.5381679389312977,-0.4513221153846156,-0.015151515151515098,3906,1194.0401124347468,0.0,1.0
673,2019-05-11,1.0,1,2.0,1,1.5,2,-0.5610687022900764,-0.6388221153846155,0.5606060606060608,4881,1438.4762573173489,1.0,0.0
674,2019-06-11,1.0,1,3.0,1,0.0,2,-0.6832061068702291,-0.2878605769230768,-0.07575757575757576,5220,1521.503125884382,0.0,1.0
675,2019-07-11,1.5,1,2.0,1,1.5,1,-0.6374045801526719,-0.37920673076923095,1.2575757575757576,4709,1395.9892704307642,0.0,1.0
676,2019-08-11,1.5,1,2.5,1,0.5,2,-0.4618320610687023,-1.4128605769230773,1.6969696969696972,4975,1461.5911433331553,1.0,0.0
677,2019-09-11,1.5,1,2.5,1,1.0,2,-0.43129770992366406,-0.4128605769230769,0.3484848484848486,5283,1536.8333320352078,0.0,1.0
678,2019-10-11,1.0,1,2.0,1,1.5,2,-0.33969465648854963,0.08713942307692309,-1.2424242424242424,4446,1330.523181721662,0.0,1.0
679,2019-11-11,1.0,1,1.5,0,0.0,2,-0.2404580152671755,0.15444711538461567,-0.5454545454545454,4562,1359.4745638651455,1.0,0.0
680,2019-12-11,1.0,1,1.0,1,1.0,2,-0.041984732824427544,0.5534855769230771,-0.07575757575757576,5172,1509.802482039078,0.0,1.0
681,2019-11-13,1.0,1,1.5,1,1.0,1,-0.48473282442748095,0.1736778846153845,1.6363636363636362,3767,1158.4178260515557,0.0,1.0
682,2019-11-14,1.0,1,1.5,1,1.5,2,-0.6526717557251909,-0.35997596153846145,0.1969696969696971,5122,1497.5952424122631,0.0,1.0
683,2019-11-15,1.0,1,1.5,1,1.5,1,-0.5534351145038169,-0.03305288461538462,-0.2727272727272726,5125,1498.3282294423536,0.0,1.0
684,2019-11-16,1.0,1,1.5,1,1.5,2,-0.48473282442748095,-0.4897836538461539,-0.09090909090909086,5214,1520.041519347728,1.0,0.0
685,2019-11-17,1.0,1,1.5,1,0.5,2,-0.5458015267175572,-0.39362980769230776,-0.015151515151515098,4316,1297.9290517395975,1.0,0.0
686,2019-11-18,1.0,1,1.5,1,0.0,2,-0.4923664122137405,0.31790865384615374,0.48484848484848503,3747,1153.2746321399395,0.0,1.0
687,2019-11-19,1.0,1,1.5,1,0.0,1,-0.3702290076335878,-0.01862980769230783,0.5454545454545454,5050,1479.982191315118,0.0,1.0
688,2019-11-20,1.0,1,1.5,1,1.0,1,-0.39312977099236635,0.2794471153846154,-1.0,5100,1492.2178366785383,0.0,1.0
689,2019-11-21,1.0,1,1.5,1,1.5,2,-0.4541984732824428,-0.06189903846153854,-0.7878787878787878,4531,1351.7495740483546,0.0,1.0
690,2019-11-22,1.0,1,1.5,1,1.5,2,-0.5,-0.22536057692307696,-1.303030303030303,1470,527.3227618475489,0.0,1.0
691,2019-11-23,1.0,1,1.5,1,1.5,2,-0.4083969465648855,-0.2782451923076924,-0.33333333333333326,2307,768.8176240939184,1.0,0.0
692,2019-11-24,1.0,1,1.5,1,0.5,2,-0.6908396946564885,-1.0667067307692308,2.0000000000000004,1745,608.693095199424,1.0,0.0
693,2019-11-25,1.0,1,1.5,1,0.0,2,-0.7900763358778627,-0.7638221153846156,-0.30303030303030304,2115,714.9263305162469,0.0,1.0
694,2019-11-26,1.0,1,1.5,1,0.0,2,-0.583969465648855,-0.44170673076923084,-1.3636363636363638,4750,1406.1398923031409,0.0,1.0
695,2019-11-27,1.0,1,1.5,1,1.0,1,-0.6450381679389313,0.7698317307692311,0.5757575757575759,3836,1176.1274499407125,0.0,1.0
696,2019-11-28,1.0,1,1.5,0,1.5,2,-0.6297709923664123,-0.5811298076923077,0.30303030303030304,5062,1482.9205618680696,1.0,0.0
697,2019-11-29,1.0,1,1.5,1,1.5,2,-0.6832061068702291,-0.3407451923076923,-0.6666666666666666,5080,1487.3259642770088,0.0,1.0
698,2019-11-30,1.0,1,1.5,1,1.5,2,-0.6297709923664123,0.11117788461538464,-1.2424242424242424,5306,1542.4225434405253,1.0,0.0
699,2019-01-12,0.0,1,0.0,1,1.5,1,-0.6297709923664123,0.8659855769230772,-1.2272727272727273,4240,1278.799165958666,1.0,0.0
700,2019-02-12,0.0,1,1.0,1,0.0,1,-0.47709923664122145,0.9429086538461539,-0.5757575757575756,3757,1155.8467937442877,0.0,1.0
701,2019-03-12,0.0,1,1.5,1,0.0,2,-0.14122137404580137,0.6784855769230769,-1.0,5679,1632.5208855815522,0.0,1.0
702,2019-04-12,1.0,1,1.5,1,1.5,2,-0.0725190839694656,0.5150240384615388,-0.06060606060606066,6055,1722.3604993246422,0.0,1.0
703,2019-05-12,1.0,1,2.0,1,0.5,2,-0.18702290076335876,-0.6820913461538463,1.4545454545454546,5398,1564.739631016393,1.0,0.0
704,2019-06-12,1.0,1,3.0,1,1.0,2,-0.7595419847328245,-0.566706730769231,-0.06060606060606066,5035,1476.307607467971,0.0,1.0
705,2019-07-12,1.5,1,2.0,1,1.5,1,-0.5534351145038169,0.659254807692308,-0.4999999999999999,4659,1383.59070042553,0.0,1.0
706,2019-08-12,1.5,1,2.5,1,0.0,1,-0.3702290076335878,1.3659855769230769,-0.8030303030303031,4429,1326.2699035503056,0.0,1.0
707,2019-09-12,1.5,1,2.5,1,1.5,1,-0.3549618320610686,1.3371394230769234,-0.2272727272727273,2787,900.4672149626483,0.0,1.0
708,2019-10-12,1.0,1,2.0,1,1.5,1,-0.1946564885496184,1.4332932692307694,0.10606060606060623,4841,1428.6179190491405,1.0,0.0
709,2019-11-12,1.0,1,1.5,1,0.0,1,-0.4541984732824428,-0.14362980769230757,1.166666666666667,5219,1521.259544051545,0.0,1.0
710,2019-12-12,1.0,1,1.0,1,1.5,1,-0.6297709923664123,-0.427283653846154,-0.1818181818181817,5009,1469.9340456095597,0.0,1.0
711,2019-12-13,1.0,1,1.0,1,1.5,2,-0.6374045801526719,-0.6772836538461539,-0.06060606060606066,5107,1493.9292437758659,0.0,1.0
712,2019-12-14,1.0,1,1.0,1,1.5,2,-0.6832061068702291,0.07752403846153834,-0.4999999999999999,5182,1512.2415883348688,1.0,0.0
713,2019-12-15,1.0,1,1.0,1,0.5,2,-0.5458015267175572,0.11117788461538464,-0.7575757575757576,4280,1288.8745150701907,1.0,0.0
714,2019-12-16,1.0,1,1.0,1,0.0,1,-0.42366412213740456,1.0198317307692313,-0.8181818181818181,3248,1023.4065010009393,0.0,1.0
715,2019-12-17,1.0,1,1.0,1,0.0,1,-0.33206106870228996,1.346754807692308,-0.8333333333333334,4373,1312.239983127003,0.0,1.0
716,2019-12-18,1.0,1,1.0,1,1.0,2,-0.27862595419847325,0.1881009615384613,0.4090909090909093,5124,1498.0839082998434,0.0,1.0
717,2019-12-19,1.0,1,1.0,1,1.5,2,-0.5229007633587787,-0.009014423076923078,0.030303030303030467,4934,1451.518059264022,0.0,1.0
718,2019-12-20,1.0,1,1.0,1,1.5,1,-0.5305343511450382,0.19771634615384603,-0.48484848484848475,3814,1170.4866548665575,0.0,1.0
719,2019-12-21,1.0,1,1.0,1,1.5,1,-0.5381679389312977,-0.3359374999999999,1.9696969696969702,3402,1063.815993558089,1.0,0.0
720,2019-12-22,0.0,1,1.0,1,0.5,2,-0.7290076335877863,-0.8936298076923077,2.303030303030303,1544,549.4484759392202,1.0,0.0
721,2019-12-23,0.0,1,1.0,1,0.0,2,-0.7900763358778627,-0.537860576923077,-0.48484848484848475,1379,499.8598357636297,0.0,1.0
722,2019-12-24,0.0,1,1.0,1,0.0,1,-0.83587786259542,0.7890624999999999,-1.0454545454545454,746,298.7769620138063,0.0,1.0
723,2019-12-25,0.0,1,1.0,0,1.0,1,-0.6526717557251909,0.5198317307692308,-0.12121212121212106,573,239.46298496961097,1.0,0.0
724,2019-12-26,0.0,1,1.0,1,1.5,0,-0.7977099236641222,0.9429086538461539,1.378787878787879,432,188.89841997520261,0.0,1.0
725,2019-12-27,0.0,1,1.0,1,1.5,1,-0.767175572519084,0.12560096153846143,1.7272727272727275,1867,644.0980700165542,0.0,1.0
726,2019-12-28,0.0,1,1.0,1,1.5,1,-0.767175572519084,-0.17728365384615388,-0.25757575757575746,2451,808.7494246380501,1.0,0.0
727,2019-12-29,0.0,1,1.0,1,0.5,1,-0.767175572519084,0.6063701923076923,-0.5757575757575756,1182,439.3430393100543,1.0,0.0
728,2019-12-30,0.0,1,1.0,1,0.0,2,-0.7595419847328245,-0.691706730769231,1.7272727272727275,1432,515.8898594290672,0.0,1.0
729,2019-12-31,0.0,1,1.0,1,0.0,1,-0.8893129770992366,-0.2349759615384617,-0.25757575757575746,2290,764.0767405308451,0.0,1.0
