,fecha,estacion,año,mes,festivo,dia_semana,clima,temperatura,humedad,viento,casual,casual_box,laboral_no,laboral_sí
0,2018-01-01,0.0,0,0,0,1.0,1,-0.48473282442748095,0.8611778846153845,-0.21212121212121218,331,16.39782015107092,1.0,0.0
1,2018-02-01,0.0,0,0,1,0.0,1,-0.42366412213740456,0.33233173076923056,0.6969696969696969,131,11.472436698466694,0.0,1.0
2,2018-03-01,0.0,0,2,1,0.0,2,-0.9427480916030535,-0.9128605769230769,0.6818181818181821,120,11.076034853721117,0.0,1.0
3,2018-04-01,1.5,0,2,1,0.5,2,-0.9351145038167941,-0.17728365384615388,-0.21212121212121218,108,10.613969754365213,1.0,0.0
4,2018-05-01,1.5,0,3,1,0.5,2,-0.851145038167939,-0.9128605769230769,0.06060606060606066,82,9.475537124796562,0.0,1.0
5,2018-06-01,1.5,0,3,1,0.0,2,-0.9198473282442748,-0.5234375000000002,-0.9242424242424242,88,9.758173437422366,0.0,1.0
6,2018-07-01,2.0,0,3,1,0.5,1,-0.9427480916030535,-0.614783653846154,-0.12121212121212106,148,12.042276083494743,1.0,0.0
7,2018-08-01,2.0,0,3,1,0.0,1,-1.0419847328244276,-0.43689903846153844,0.8787878787878787,68,8.755721974567901,0.0,1.0
8,2018-09-01,2.0,0,2,1,0.0,2,-1.1259541984732826,-0.9272836538461541,1.8484848484848488,54,7.925269345882742,1.0,0.0
9,2018-10-01,1.0,0,2,1,1.0,2,-1.087786259541985,-0.691706730769231,0.43939393939393945,41,7.008370000202964,0.0,1.0
10,2018-11-01,1.0,0,1,1,0.0,1,-1.034351145038168,0.28425480769230743,-0.5909090909090909,43,7.161347981641865,0.0,1.0
11,2018-12-01,1.0,0,0,1,0.0,2,-1.019083969465649,-0.12920673076923078,1.2575757575757576,25,5.546984704734687,1.0,0.0
12,2018-01-13,0.0,0,0,1,0.0,2,-1.0419847328244276,-0.7542067307692308,1.2272727272727273,38,6.7689696416534595,1.0,0.0
13,2018-01-14,0.0,0,0,1,0.5,2,-1.0572519083969467,-0.427283653846154,-0.5454545454545454,54,7.925269345882742,1.0,0.0
14,2018-01-15,0.0,0,0,0,1.0,1,-0.8282442748091604,-0.614783653846154,-0.2272727272727273,222,14.099671681576467,1.0,0.0
15,2018-01-16,0.0,0,0,1,0.5,2,-0.83587786259542,-0.6868990384615387,0.07575757575757576,251,14.775794586930813,0.0,1.0
16,2018-01-17,0.0,0,0,1,0.0,1,-1.0114503816793894,-0.427283653846154,0.13636363636363644,117,10.963610724399118,0.0,1.0
17,2018-01-18,0.0,0,0,1,0.0,1,-0.8816793893129772,1.1304086538461542,-0.34848484848484834,9,3.157336502299259,0.0,1.0
18,2018-01-19,0.0,0,0,1,0.0,1,-0.6450381679389313,0.5534855769230771,0.28787878787878796,78,9.27911373862353,0.0,1.0
19,2018-01-20,0.0,0,0,1,0.0,1,-0.7442748091603054,-0.427283653846154,0.15151515151515152,83,9.523609126904327,1.0,0.0
20,2018-01-21,0.0,0,0,1,0.5,2,-1.0038167938931297,-0.8167067307692307,1.7575757575757576,75,9.127200042226876,1.0,0.0
21,2018-01-22,0.0,0,0,1,1.0,2,-1.3778625954198476,-1.0907451923076925,-0.09090909090909086,93,9.983741675926243,0.0,1.0
22,2018-01-23,0.0,0,0,1,0.5,2,-1.255725190839695,-0.9128605769230769,0.6666666666666667,150,12.106300542521547,0.0,1.0
23,2018-01-24,0.0,0,0,1,0.0,2,-1.255725190839695,-0.6484375,-0.2272727272727273,86,9.665476322044512,0.0,1.0
24,2018-01-25,0.0,0,0,1,0.0,1,-0.8587786259541986,-0.04747596153846141,-0.5151515151515152,186,13.169792352153566,0.0,1.0
25,2018-01-26,0.0,0,0,1,0.0,0,-0.8816793893129772,1.1304086538461542,1.1515151515151516,34,6.428627270494731,0.0,1.0
26,2018-01-27,0.0,0,0,1,0.0,2,-0.9503816793893131,0.29387019230769224,-0.6818181818181819,15,4.257082757297649,1.0,0.0
27,2018-01-28,0.0,0,0,1,0.5,1,-0.9274809160305344,0.7986778846153846,-0.5757575757575756,38,6.7689696416534595,1.0,0.0
28,2018-01-29,0.0,0,0,1,1.0,2,-0.9427480916030535,0.12079326923076938,-0.3636363636363637,123,11.18654214701248,0.0,1.0
29,2018-01-30,0.0,0,0,1,0.5,2,-0.8816793893129772,0.45733173076923095,-1.0757575757575757,140,11.78005804240976,0.0,1.0
30,2018-01-31,0.0,0,0,1,0.0,1,-0.9961832061068703,-0.10997596153846162,0.06060606060606066,42,7.085485343182041,0.0,1.0
31,2018-01-02,0.0,0,0,1,0.5,1,-0.9580152671755726,0.9765625000000001,-1.2878787878787878,47,7.453204291142461,0.0,1.0
32,2018-02-02,0.0,0,0,1,0.0,1,-0.7442748091603054,0.7121394230769231,0.8484848484848485,72,8.971047417268762,0.0,1.0
33,2018-03-02,0.0,0,2,1,0.0,2,-0.9732824427480917,-0.9080528846153849,0.9848484848484852,61,8.356921871079736,0.0,1.0
34,2018-04-02,1.5,0,2,1,1.0,1,-0.8969465648854963,-0.20132211538461542,-0.5303030303030303,88,9.758173437422366,0.0,1.0
35,2018-05-02,1.5,0,3,1,0.0,1,-0.8282442748091604,1.452524038461539,-0.19696969696969682,100,10.285930098515184,0.0,1.0
36,2018-06-02,1.5,0,3,1,0.0,2,-0.66793893129771,-0.2830528846153848,-0.3939393939393939,354,16.813269083628796,1.0,0.0
37,2018-07-02,2.0,0,3,1,1.0,2,-0.7137404580152673,0.5342548076923076,-1.378787878787879,120,11.076034853721117,0.0,1.0
38,2018-08-02,2.0,0,3,1,0.0,2,-0.8664122137404582,-0.427283653846154,1.8484848484848488,64,8.531499219198887,0.0,1.0
39,2018-09-02,2.0,0,2,1,0.5,1,-1.1412213740458017,-0.6340144230769231,0.09090909090909086,53,7.860514959708835,1.0,0.0
40,2018-10-02,1.0,0,2,1,0.5,2,-1.1106870229007635,-0.9128605769230769,0.42424242424242437,47,7.453204291142461,0.0,1.0
41,2018-11-02,1.0,0,1,1,0.0,2,-0.9656488549618321,-0.5811298076923077,-0.7272727272727273,149,12.074362198101104,0.0,1.0
42,2018-12-02,1.0,0,0,1,0.5,2,-0.8664122137404582,-0.3984375000000001,0.2272727272727273,288,15.56446083223579,1.0,0.0
43,2018-02-13,0.0,0,0,1,0.5,2,-0.5687022900763359,-0.8167067307692307,0.8181818181818182,397,17.542663929866496,0.0,1.0
44,2018-02-14,0.0,0,0,1,0.0,2,-0.2633587786259542,-1.2061298076923077,2.409090909090909,208,13.75133613553182,0.0,1.0
45,2018-02-15,0.0,0,0,1,0.0,2,-0.7290076335877863,-1.504206730769231,1.1212121212121213,140,11.78005804240976,0.0,1.0
46,2018-02-16,0.0,0,0,1,0.0,2,-0.5687022900763359,-0.9801682692307695,0.7272727272727272,218,14.001727063387264,0.0,1.0
47,2018-02-17,0.0,0,0,1,0.0,2,-0.1946564885496184,-0.5859375000000001,0.5000000000000001,259,14.952774983724149,1.0,0.0
48,2018-02-18,0.0,0,0,1,0.5,2,0.0725190839694656,-0.5282451923076923,0.8484848484848485,579,20.136700271347188,1.0,0.0
49,2018-02-19,0.0,0,0,0,1.0,2,-0.3091603053435116,-0.0006009615384613336,3.3181818181818183,532,19.527875813336856,1.0,0.0
50,2018-02-20,0.0,0,0,1,0.5,2,-0.66793893129771,-1.0522836538461542,0.43939393939393945,639,20.866382160464436,0.0,1.0
51,2018-02-21,0.0,0,0,1,0.0,1,-0.6145038167938931,-0.10516826923076925,1.2878787878787883,195,13.413129686804043,0.0,1.0
52,2018-02-22,0.0,0,0,1,0.0,2,-0.9885496183206108,-0.2349759615384617,0.15151515151515152,74,9.075634422036053,0.0,1.0
53,2018-02-23,0.0,0,0,1,0.0,2,-0.8664122137404582,-0.9801682692307695,-0.8787878787878788,139,11.746562099967337,0.0,1.0
54,2018-02-24,0.0,0,0,1,0.0,1,-0.6374045801526719,0.33713942307692324,0.7121212121212123,100,10.285930098515184,1.0,0.0
55,2018-02-25,0.0,0,0,1,0.5,1,-0.42366412213740456,0.4092548076923079,1.6818181818181819,120,11.076034853721117,1.0,0.0
56,2018-02-26,0.0,0,0,1,1.0,2,-0.6755725190839695,-0.427283653846154,0.06060606060606066,424,17.973243623206308,0.0,1.0
57,2018-02-27,0.0,0,0,1,0.5,2,-0.48473282442748095,0.25540865384615385,-0.5606060606060606,694,21.494924611628708,0.0,1.0
58,2018-02-28,0.0,0,0,1,0.0,1,-0.28625954198473286,1.197716346153846,1.106060606060606,81,9.427060202838744,0.0,1.0
59,2018-01-03,0.0,0,0,1,0.0,2,-0.7290076335877863,-0.44170673076923084,0.3636363636363637,137,11.679069715724536,0.0,1.0
60,2018-02-03,0.0,0,0,1,0.0,2,-0.5152671755725192,-0.8503605769230771,1.2878787878787883,231,14.315690657359912,1.0,0.0
61,2018-03-03,0.0,0,2,1,0.0,2,-0.9427480916030535,-1.4849759615384617,0.4545454545454546,123,11.18654214701248,1.0,0.0
62,2018-04-03,1.5,0,2,1,0.5,1,-0.7442748091603054,-0.08112980769230771,0.2272727272727273,214,13.902538463881976,0.0,1.0
63,2018-05-03,1.5,0,3,1,0.0,1,-0.3549618320610686,0.7794471153846158,0.7272727272727272,640,20.878136039229112,0.0,1.0
64,2018-06-03,1.5,0,3,1,0.5,1,-0.38549618320610685,1.5438701923076923,1.6515151515151516,114,10.849186050854563,1.0,0.0
65,2018-07-03,2.0,0,3,1,0.5,2,-0.7442748091603054,-0.36478365384615385,1.6363636363636362,244,14.617725669338434,0.0,1.0
66,2018-08-03,2.0,0,3,1,0.0,2,-0.6450381679389313,-0.989783653846154,-0.6060606060606061,316,16.11606027693521,0.0,1.0
67,2018-09-03,2.0,0,2,0,1.0,1,-0.6374045801526719,0.7121394230769231,0.4090909090909093,191,13.305954590260024,1.0,0.0
68,2018-10-03,1.0,0,2,1,0.0,0,-0.33969465648854963,-0.0018028846153843423,0.8181818181818182,46,7.381892995634633,0.0,1.0
69,2018-11-03,1.0,0,1,1,0.0,1,-0.5687022900763359,0.11117788461538464,0.5303030303030303,247,14.685846444919225,1.0,0.0
70,2018-12-03,1.0,0,0,1,1.0,2,-0.5305343511450382,-0.15324519230769232,0.4090909090909093,724,21.823415468803315,0.0,1.0
71,2018-03-13,0.0,0,2,1,0.5,2,-0.3549618320610686,-0.48016826923076916,0.9090909090909094,982,24.321990640981856,0.0,1.0
72,2018-03-14,0.0,0,2,1,0.0,2,-0.5458015267175572,-0.6243990384615384,-0.43939393939393945,359,16.9011111232223,0.0,1.0
73,2018-03-15,0.0,0,2,1,0.0,1,-0.5687022900763359,0.1400240384615382,0.030303030303030467,289,15.58478185335383,0.0,1.0
74,2018-03-16,0.0,0,2,1,0.0,1,-0.41603053435114506,0.7217548076923079,0.2272727272727273,321,16.210983104181313,0.0,1.0
75,2018-03-17,0.0,0,2,1,0.0,2,-0.2633587786259542,-0.114783653846154,0.28787878787878796,424,17.973243623206308,1.0,0.0
76,2018-03-18,0.0,0,2,1,0.5,2,0.12595419847328262,-0.4897836538461539,0.5151515151515152,884,23.433170234919448,1.0,0.0
77,2018-03-19,0.0,0,2,1,1.0,2,-0.08015267175572525,-1.191706730769231,1.9090909090909092,1424,27.708343554187053,0.0,1.0
78,2018-03-20,1.5,0,2,1,0.5,2,-0.5229007633587787,-0.7349759615384617,0.2727272727272729,1047,24.878330892130574,0.0,1.0
79,2018-03-21,1.5,0,2,1,0.0,1,-0.2175572519083968,0.5294471153846156,1.090909090909091,401,17.607699123024148,0.0,1.0
80,2018-03-22,1.5,0,2,1,0.0,2,-0.1793893129770991,-0.009014423076923078,0.4545454545454546,460,18.518946950150156,0.0,1.0
81,2018-03-23,1.5,0,2,1,0.0,1,-0.47709923664122145,1.0246394230769231,0.5454545454545454,203,13.62302568669851,0.0,1.0
82,2018-03-24,1.5,0,2,1,0.0,1,-0.66793893129771,0.8611778846153845,0.6363636363636366,166,12.598486559209865,1.0,0.0
83,2018-03-25,1.5,0,2,1,0.5,2,-0.7366412213740459,-0.6340144230769231,0.5151515151515152,300,15.805185520768887,1.0,0.0
84,2018-03-26,1.5,0,2,1,1.0,2,-0.7290076335877863,-1.1195913461538465,0.28787878787878796,981,24.313236396031318,0.0,1.0
85,2018-03-27,1.5,0,2,1,0.5,1,-0.767175572519084,-0.6388221153846155,0.030303030303030467,472,18.69430098058313,0.0,1.0
86,2018-03-28,1.5,0,2,1,0.0,2,-0.7366412213740459,-1.5618990384615385,0.3181818181818181,222,14.099671681576467,0.0,1.0
87,2018-03-29,1.5,0,2,1,0.0,2,-0.6145038167938931,-1.504206730769231,0.46969696969696967,317,16.13512705387941,0.0,1.0
88,2018-03-30,1.5,0,2,1,0.0,1,-0.6221374045801527,0.09675480769230785,-0.07575757575757576,168,12.657680730933635,0.0,1.0
89,2018-03-31,1.5,0,2,1,0.0,0,-0.7213740458015268,1.3996394230769231,0.3787878787878788,179,12.974869300592166,1.0,0.0
90,2018-01-04,0.0,0,0,1,0.0,1,-0.6221374045801527,0.28425480769230743,0.7878787878787881,307,15.94256261710444,0.0,1.0
91,2018-02-04,0.0,0,0,1,0.5,1,-0.5763358778625954,0.13040865384615413,0.16666666666666663,898,23.564163083803322,1.0,0.0
92,2018-03-04,0.0,0,2,1,0.5,2,-0.37786259541984735,-0.7061298076923078,0.015151515151515098,1651,29.16929839228544,1.0,0.0
93,2018-04-04,1.5,0,2,1,0.0,2,0.2328244274809161,-0.9657451923076924,2.075757575757576,734,21.93082900637837,0.0,1.0
94,2018-05-04,1.5,0,3,1,0.0,1,-0.2633587786259542,0.0727163461538463,2.1060606060606064,167,12.628144592995481,0.0,1.0
95,2018-06-04,1.5,0,3,1,1.0,2,-0.33969465648854963,-0.7493990384615385,0.8333333333333336,413,17.80016603614257,0.0,1.0
96,2018-07-04,2.0,0,3,0,0.0,2,-0.1946564885496184,-0.114783653846154,-0.1818181818181817,571,20.035534833697966,1.0,0.0
97,2018-08-04,2.0,0,3,1,0.0,1,-0.5076335877862596,1.0054086538461537,0.46969696969696967,172,12.774630478140502,1.0,0.0
98,2018-09-04,2.0,0,2,1,0.5,1,-0.4923664122137405,1.2073317307692308,-0.48484848484848475,879,23.386041372438253,0.0,1.0
99,2018-10-04,1.0,0,2,1,0.0,1,-0.22519083969465647,1.1111778846153846,-0.34848484848484834,1188,26.008155426024892,0.0,1.0
100,2018-11-04,1.0,0,1,1,0.5,1,0.3015267175572519,0.43329326923076944,1.4545454545454546,855,23.15721931162996,1.0,0.0
101,2018-12-04,1.0,0,0,1,0.5,1,0.011450381679389478,0.5390625000000003,0.9545454545454545,257,14.908886343035926,0.0,1.0
102,2018-04-13,1.5,0,2,1,0.0,1,-0.27099236641221386,0.923677884615385,0.7121212121212123,209,13.776742994638964,0.0,1.0
103,2018-04-14,1.5,0,2,1,0.0,2,-0.0954198473282443,-0.4176682692307693,-0.712121212121212,529,19.487778018067797,1.0,0.0
104,2018-04-15,1.5,0,2,1,0.5,2,-0.16412213740458007,0.21213942307692282,0.46969696969696967,642,20.901605955828177,1.0,0.0
105,2018-04-16,1.5,0,2,0,1.0,0,-0.20992366412213745,1.255408653846154,1.6212121212121215,121,11.113079627784426,1.0,0.0
106,2018-04-17,1.5,0,2,1,0.5,2,-0.133587786259542,-0.7061298076923078,1.2424242424242427,1558,28.58858128567913,0.0,1.0
107,2018-04-18,1.5,0,2,1,0.0,2,0.041984732824427544,-0.4080528846153845,-0.16666666666666663,669,21.213637959840895,0.0,1.0
108,2018-04-19,1.5,0,2,1,0.0,1,0.01908396946564886,0.1881009615384613,-0.2272727272727273,409,17.736442885382754,0.0,1.0
109,2018-04-20,1.5,0,2,1,0.0,2,0.3015267175572519,-0.06189903846153854,0.6212121212121212,613,20.556237775730427,0.0,1.0
110,2018-04-21,1.5,0,2,1,0.0,2,-0.12595419847328235,-1.0570913461538463,1.46969696969697,745,22.04782764273909,1.0,0.0
111,2018-04-22,1.5,0,2,1,0.5,1,-0.5076335877862596,0.4957932692307693,0.3939393939393939,177,12.918216096564484,1.0,0.0
112,2018-04-23,1.5,0,2,1,1.0,1,-0.11832061068702297,1.255408653846154,0.5151515151515152,1462,27.963553673036312,0.0,1.0
113,2018-04-24,1.5,0,2,1,0.5,1,0.2557251908396948,0.885216346153846,0.12121212121212133,1710,29.526131634148914,0.0,1.0
114,2018-04-25,1.5,0,2,1,0.0,2,0.33969465648854963,0.7217548076923079,0.04545454545454557,773,22.340374629654924,0.0,1.0
115,2018-04-26,1.5,0,2,1,0.0,2,0.41603053435114506,0.49098557692307726,1.4848484848484849,678,21.315721154148726,0.0,1.0
116,2018-04-27,1.5,0,2,1,0.0,1,0.37786259541984735,1.0006009615384617,1.3333333333333333,547,19.72606550290835,0.0,1.0
117,2018-04-28,1.5,0,2,1,0.0,1,0.37022900763358796,0.35637019230769207,1.4242424242424243,569,20.010091317337185,1.0,0.0
118,2018-04-29,1.5,0,2,1,0.5,2,0.03435114503816789,-0.8167067307692307,0.6060606060606064,878,23.37659348724463,1.0,0.0
119,2018-04-30,1.5,0,2,1,1.0,2,-0.08015267175572525,-0.5955528846153848,0.5606060606060608,1965,30.977756760975808,0.0,1.0
120,2018-01-05,0.0,0,0,1,0.0,1,-0.14885496183206104,0.6496394230769234,-0.7575757575757576,1138,25.618621813127508,0.0,1.0
121,2018-02-05,0.0,0,0,1,1.0,1,0.15648854961832068,0.4957932692307693,0.030303030303030467,847,23.07996436975643,0.0,1.0
122,2018-03-05,0.0,0,2,1,1.0,1,0.37022900763358796,0.33713942307692324,1.6515151515151516,603,20.43454220089376,0.0,1.0
123,2018-04-05,1.5,0,2,1,0.0,1,-0.2633587786259542,0.5294471153846156,1.5000000000000002,255,14.86476215878075,0.0,1.0
124,2018-05-05,1.5,0,3,1,0.0,2,-0.12595419847328235,-0.879206730769231,1.166666666666667,614,20.568332033916427,1.0,0.0
125,2018-06-05,1.5,0,3,1,0.5,2,-0.06488549618320595,-0.17728365384615388,0.48484848484848503,894,23.526880736789884,0.0,1.0
126,2018-07-05,2.0,0,3,1,0.0,2,0.06488549618320623,-0.4128605769230769,-0.19696969696969682,1612,28.928583447893377,0.0,1.0
127,2018-08-05,2.0,0,3,1,0.5,2,0.0954198473282443,0.02463942307692322,-1.0757575757575757,1401,27.5515911082642,1.0,0.0
128,2018-09-05,2.0,0,2,1,0.0,2,0.10305343511450395,-0.18209134615384626,-0.045454545454545296,664,21.156516411517668,0.0,1.0
129,2018-10-05,1.0,0,2,1,0.0,2,0.10305343511450395,-0.6628605769230771,-0.6666666666666666,694,21.494924611628708,0.0,1.0
130,2018-11-05,1.0,0,1,1,1.0,2,0.133587786259542,0.029447115384615252,-0.6060606060606061,550,19.76525354547011,0.0,1.0
131,2018-12-05,1.0,0,0,1,0.0,2,0.11068702290076332,0.5823317307692307,0.09090909090909086,695,21.506030073972326,0.0,1.0
132,2018-05-13,1.5,0,3,1,0.5,1,0.041984732824427544,1.1352163461538463,-0.015151515151515098,692,21.47268062563507,1.0,0.0
133,2018-05-14,1.5,0,3,1,1.0,1,0.0725190839694656,1.4188701923076927,-0.46969696969696967,902,23.60133138554311,0.0,1.0
134,2018-05-15,1.5,0,3,1,0.5,1,0.20229007633587806,1.1544471153846156,-0.28787878787878796,1582,28.74067805063033,0.0,1.0
135,2018-05-16,1.5,0,3,1,0.0,2,0.24809160305343517,0.774639423076923,-0.5454545454545454,773,22.340374629654924,0.0,1.0
136,2018-05-17,1.5,0,3,1,0.0,1,0.1946564885496184,1.0150240384615385,0.9848484848484852,678,21.315721154148726,0.0,1.0
137,2018-05-18,1.5,0,3,1,0.0,1,0.16412213740458034,1.1688701923076925,0.21212121212121218,536,19.581098342670106,0.0,1.0
138,2018-05-19,1.5,0,3,1,0.0,1,0.10305343511450395,0.9765625000000001,-0.7272727272727273,735,21.9415148787925,1.0,0.0
139,2018-05-20,1.5,0,3,1,0.5,2,0.11832061068702297,0.4477163461538462,-0.5606060606060606,909,23.666104049985695,1.0,0.0
140,2018-05-21,1.5,0,3,1,1.0,2,0.3244274809160306,0.0006009615384616752,-0.6060606060606061,2258,32.493635611282336,0.0,1.0
141,2018-05-22,1.5,0,3,1,0.5,2,0.33206106870229024,0.5919471153846154,-0.33333333333333326,1576,28.702803458400076,0.0,1.0
142,2018-05-23,1.5,0,3,1,0.0,1,0.41603053435114506,0.880408653846154,0.5454545454545454,836,22.97291503758539,0.0,1.0
143,2018-05-24,1.5,0,3,1,0.0,1,0.5076335877862598,0.5486778846153845,0.2727272727272729,659,21.099098252983737,0.0,1.0
144,2018-05-25,1.5,0,3,1,0.0,2,0.5076335877862598,0.33233173076923056,-0.2727272727272726,740,21.99479477611133,0.0,1.0
145,2018-05-26,1.5,0,3,1,0.0,2,0.652671755725191,0.24579326923076913,0.1969696969696971,758,22.18457688355613,1.0,0.0
146,2018-05-27,1.5,0,3,1,0.5,2,0.5687022900763359,0.13040865384615413,0.6060606060606064,871,23.31025017876754,1.0,0.0
147,2018-05-28,1.5,0,3,0,1.0,2,0.4923664122137405,0.4957932692307693,0.5000000000000001,2001,31.17204917865058,1.0,0.0
148,2018-05-29,1.5,0,3,1,0.5,2,0.5305343511450382,0.923677884615385,0.33333333333333354,2355,32.96549803081797,0.0,1.0
149,2018-05-30,1.5,0,3,1,0.0,2,0.7366412213740461,0.2794471153846154,-0.4999999999999999,1549,28.531129586722557,0.0,1.0
150,2018-05-31,1.5,0,3,1,0.0,2,0.8664122137404583,0.04867788461538476,-0.6969696969696969,673,21.259124149551536,0.0,1.0
151,2018-01-06,0.0,0,0,1,0.0,1,0.8282442748091605,0.2409855769230771,0.2727272727272729,513,19.27123914108854,1.0,0.0
152,2018-02-06,0.0,0,0,1,0.5,2,0.6755725190839696,-1.5474759615384617,1.1363636363636367,736,21.95219075642757,0.0,1.0
153,2018-03-06,0.0,0,2,1,0.5,2,0.37786259541984735,-1.3118990384615388,0.7424242424242425,898,23.564163083803322,0.0,1.0
154,2018-04-06,1.5,0,2,1,0.0,2,0.42366412213740473,-0.8215144230769231,-0.5757575757575756,1869,30.447383980762666,0.0,1.0
155,2018-05-06,1.5,0,3,1,0.5,1,0.46946564885496206,0.12079326923076938,-0.4242424242424241,1685,29.375981589315845,1.0,0.0
156,2018-06-06,1.5,0,3,1,0.0,2,0.5610687022900765,-0.12920673076923078,-0.5909090909090909,673,21.259124149551536,0.0,1.0
157,2018-07-06,2.0,0,3,1,0.0,2,0.652671755725191,-0.13882211538461553,0.07575757575757576,763,22.23674320123708,0.0,1.0
158,2018-08-06,2.0,0,3,1,1.0,2,0.8664122137404583,-0.023437499999999868,-0.43939393939393945,676,21.293116913858686,0.0,1.0
159,2018-09-06,2.0,0,2,1,0.0,1,0.9656488549618324,-0.2830528846153848,-0.3181818181818181,563,19.93338978663585,0.0,1.0
160,2018-10-06,1.0,0,2,1,0.0,2,0.8053435114503819,-0.10516826923076925,-0.409090909090909,815,22.76582715788465,1.0,0.0
161,2018-11-06,1.0,0,1,1,0.5,2,0.7061068702290078,0.13521634615384617,-0.25757575757575746,1729,29.639238949011897,0.0,1.0
162,2018-12-06,1.0,0,0,1,0.0,2,0.6068702290076337,0.5823317307692307,-0.16666666666666663,1467,27.99679300534768,0.0,1.0
163,2018-06-13,1.5,0,3,1,0.0,2,0.42366412213740473,-0.6340144230769231,1.272727272727273,863,23.23397867152947,0.0,1.0
164,2018-06-14,1.5,0,3,1,0.0,2,0.33206106870229024,-0.5763221153846153,0.893939393939394,727,21.855746103559362,0.0,1.0
165,2018-06-15,1.5,0,3,1,0.0,2,0.400763358778626,-0.7445913461538461,-0.12121212121212106,769,22.299033346837522,0.0,1.0
166,2018-06-16,1.5,0,3,1,0.0,1,0.4083969465648857,0.29387019230769224,0.25757575757575774,545,19.69985794668522,1.0,0.0
167,2018-06-17,1.5,0,3,1,0.5,2,0.46946564885496206,0.5246394230769229,-0.3787878787878788,863,23.23397867152947,1.0,0.0
168,2018-06-18,1.5,0,3,1,1.0,2,0.622137404580153,0.2073317307692308,-0.6212121212121212,1807,30.094815653023783,0.0,1.0
169,2018-06-19,1.5,0,3,1,0.5,1,0.6297709923664123,0.19290865384615402,-0.8030303030303031,1639,29.095652701514325,0.0,1.0
170,2018-06-20,1.5,0,3,1,0.0,1,0.42366412213740473,0.5727163461538459,-0.25757575757575746,699,21.550342341443788,0.0,1.0
171,2018-06-21,2.0,0,3,1,0.0,1,0.5687022900763359,0.6881009615384617,-0.09090909090909086,774,22.350686951070003,0.0,1.0
172,2018-06-22,2.0,0,3,1,0.0,2,0.7366412213740461,0.3900240384615384,-0.09090909090909086,661,21.12210135161918,0.0,1.0
173,2018-06-23,2.0,0,3,1,0.0,1,0.7213740458015268,0.3659855769230768,0.5909090909090909,746,22.058404818947725,1.0,0.0
174,2018-06-24,2.0,0,3,1,0.5,2,0.7061068702290078,-0.25901442307692324,0.42424242424242437,969,24.207703504518356,1.0,0.0
175,2018-06-25,2.0,0,3,1,1.0,2,0.6145038167938933,-0.691706730769231,0.28787878787878796,1782,29.950296245874263,0.0,1.0
176,2018-06-26,2.0,0,3,1,0.5,2,0.5687022900763359,-0.5474759615384618,-0.8787878787878788,1920,30.73141732555984,0.0,1.0
177,2018-06-27,2.0,0,3,1,0.0,1,0.5763358778625955,0.14963942307692296,-0.7424242424242424,854,23.147589706663297,0.0,1.0
178,2018-06-28,2.0,0,3,1,0.0,2,0.7671755725190842,0.034254807692307626,-0.3636363636363637,732,21.909427185155987,0.0,1.0
179,2018-06-29,2.0,0,3,1,0.0,2,0.7213740458015268,-0.6195913461538464,0.8181818181818182,848,23.089648608613867,0.0,1.0
180,2018-06-30,2.0,0,3,1,0.0,2,0.622137404580153,-0.9272836538461541,0.04545454545454557,1027,24.709743019528393,1.0,0.0
181,2018-01-07,0.0,0,0,1,0.5,2,0.6984732824427484,-1.1099759615384617,-0.7878787878787878,1246,26.446136106214603,1.0,0.0
182,2018-02-07,0.0,0,0,1,0.0,2,0.7519083969465651,-0.8743990384615385,-0.6666666666666666,2204,32.22488234448447,0.0,1.0
183,2018-03-07,0.0,0,2,1,0.0,1,0.6832061068702291,0.26502403846153866,0.48484848484848503,2282,32.61166354316713,0.0,1.0
184,2018-04-07,1.5,0,2,1,0.0,1,0.7137404580152674,0.053485576923076796,-1.0,3065,36.066919133878656,1.0,0.0
185,2018-05-07,1.5,0,3,1,1.0,2,0.7748091603053437,-0.17728365384615388,-0.5454545454545454,1031,24.74364008620471,0.0,1.0
186,2018-06-07,1.5,0,3,1,0.0,2,0.6908396946564888,0.5582932692307692,-0.3181818181818181,784,22.453309654794126,0.0,1.0
187,2018-07-07,2.0,0,3,1,0.0,2,0.7900763358778629,0.11598557692307666,-0.21212121212121218,754,22.14267316490687,1.0,0.0
188,2018-08-07,2.0,0,3,1,0.5,1,0.6603053435114506,0.6304086538461537,0.4545454545454546,692,21.47268062563507,0.0,1.0
189,2018-09-07,2.0,0,2,1,0.0,2,0.7366412213740461,-0.08593750000000008,-0.12121212121212106,1988,31.102167485808735,0.0,1.0
190,2018-10-07,1.0,0,2,1,0.5,2,0.7748091603053437,-0.2349759615384617,0.030303030303030467,1743,29.722035320925922,1.0,0.0
191,2018-11-07,1.0,0,1,1,0.0,2,0.8282442748091605,0.04387019230769238,1.0303030303030303,723,21.812618117501934,0.0,1.0
192,2018-12-07,1.0,0,0,1,0.0,2,0.9274809160305346,-0.3263221153846155,0.1969696969696971,662,21.133584952861575,0.0,1.0
193,2018-07-13,2.0,0,3,1,0.0,2,0.7748091603053437,0.02463942307692322,-0.34848484848484834,748,22.079529951469855,0.0,1.0
194,2018-07-14,2.0,0,3,1,0.0,2,0.5687022900763359,-0.725360576923077,0.6060606060606064,888,23.470741491686198,1.0,0.0
195,2018-07-15,2.0,0,3,1,0.5,2,0.5152671755725192,-0.17247596153846148,0.015151515151515098,1318,26.970745178912516,1.0,0.0
196,2018-07-16,2.0,0,3,1,1.0,2,0.5916030534351145,-0.20132211538461542,0.28787878787878796,2418,33.264846443993484,0.0,1.0
197,2018-07-17,2.0,0,3,1,0.5,2,0.6908396946564888,-0.10997596153846162,0.6515151515151514,2006,31.198843605679237,0.0,1.0
198,2018-07-18,2.0,0,3,1,0.0,2,0.7748091603053437,0.11598557692307666,0.3636363636363637,841,23.021693177184783,0.0,1.0
199,2018-07-19,2.0,0,3,1,0.0,2,0.8664122137404583,0.11117788461538464,-0.4999999999999999,752,22.121663950541958,0.0,1.0
200,2018-07-20,2.0,0,3,1,0.0,2,0.8435114503816796,0.38521634615384637,-0.6818181818181819,644,20.925025638650855,0.0,1.0
201,2018-07-21,2.0,0,3,1,0.0,1,0.9885496183206108,0.308293269230769,0.42424242424242437,632,20.783748696645866,1.0,0.0
202,2018-07-22,2.0,0,3,1,0.5,2,1.0954198473282444,-0.22536057692307696,-0.48484848484848475,562,19.92055161087199,1.0,0.0
203,2018-07-23,2.0,0,3,1,1.0,2,1.0954198473282444,-0.6099759615384617,-0.4999999999999999,987,24.365670136650444,0.0,1.0
204,2018-07-24,2.0,0,3,1,0.5,2,1.0343511450381682,-0.36478365384615385,-0.12121212121212106,1050,24.903427537398773,0.0,1.0
205,2018-07-25,2.0,0,3,1,0.0,2,0.7671755725190842,0.6256009615384618,-0.9090909090909092,568,19.997346487657108,0.0,1.0
206,2018-07-26,2.0,0,3,1,0.0,2,0.8511450381679392,-0.4128605769230769,0.1969696969696971,750,22.100616270491027,0.0,1.0
207,2018-07-27,2.0,0,3,1,0.0,2,0.8664122137404583,-1.0763221153846156,0.030303030303030467,755,22.15316340127055,0.0,1.0
208,2018-07-28,2.0,0,3,1,0.0,2,0.8740458015267176,-0.21093750000000017,-0.015151515151515098,606,20.471195691912516,1.0,0.0
209,2018-07-29,2.0,0,3,1,0.5,2,1.0648854961832062,-0.4080528846153845,-0.06060606060606066,670,21.22502700601416,1.0,0.0
210,2018-07-30,2.0,0,3,1,1.0,2,0.9580152671755727,-0.7734375,-0.12121212121212106,1559,28.594950704850454,0.0,1.0
211,2018-07-31,2.0,0,3,1,0.5,2,0.9580152671755727,-0.7013221153846154,-0.16666666666666663,1524,28.37032739961215,0.0,1.0
212,2018-01-08,0.0,0,0,1,1.0,2,0.8511450381679392,-0.36478365384615385,-0.24242424242424238,729,21.877248914900424,0.0,1.0
213,2018-02-08,0.0,0,0,1,0.0,2,0.889312977099237,-0.6532451923076923,0.25757575757575774,801,22.625721240169963,0.0,1.0
214,2018-03-08,0.0,0,2,1,0.0,1,0.7290076335877864,0.14963942307692296,-0.4545454545454546,467,18.62161379103075,0.0,1.0
215,2018-04-08,1.5,0,2,1,0.5,1,0.6603053435114506,0.6304086538461537,0.16666666666666663,799,22.60556894823919,1.0,0.0
216,2018-05-08,1.5,0,3,1,0.5,2,0.6603053435114506,0.01983173076923084,0.04545454545454557,1023,24.675755026759898,0.0,1.0
217,2018-06-08,1.5,0,3,1,0.0,1,0.6832061068702291,0.615985576923077,0.48484848484848503,1521,28.350909517968855,0.0,1.0
218,2018-07-08,2.0,0,3,1,0.5,2,0.7595419847328245,0.6063701923076923,0.21212121212121218,1298,26.827039269954902,1.0,0.0
219,2018-08-08,2.0,0,3,1,0.0,2,0.83587786259542,-0.1676682692307691,0.12121212121212133,846,23.070272263845283,0.0,1.0
220,2018-09-08,2.0,0,2,1,0.0,2,0.8664122137404583,-0.27343750000000006,-0.30303030303030304,907,23.647632684003003,1.0,0.0
221,2018-10-08,1.0,0,2,0,1.0,2,0.83587786259542,-0.9753605769230771,0.1969696969696971,884,23.433170234919448,1.0,0.0
222,2018-11-08,1.0,0,1,1,0.0,2,0.6832061068702291,-0.9753605769230771,-0.16666666666666663,812,22.73594463067716,0.0,1.0
223,2018-12-08,1.0,0,0,1,0.0,2,0.652671755725191,-1.018629807692308,-0.5606060606060606,1051,24.9117821253897,1.0,0.0
224,2018-08-13,2.0,0,3,1,1.0,1,0.5839694656488552,0.4957932692307693,0.3181818181818181,1504,28.24037434972934,0.0,1.0
225,2018-08-14,2.0,0,3,1,0.5,1,0.5534351145038169,0.9188701923076923,0.42424242424242437,1338,27.112958978368034,0.0,1.0
226,2018-08-15,2.0,0,3,1,0.0,2,0.5229007633587788,0.4092548076923079,0.28787878787878796,775,22.36099011289047,0.0,1.0
227,2018-08-16,2.0,0,3,1,0.0,2,0.6297709923664123,-0.2349759615384617,0.5606060606060608,721,21.790992561788407,0.0,1.0
228,2018-08-17,2.0,0,3,1,0.0,2,0.7061068702290078,-0.2493990384615385,-0.3787878787878788,668,21.202237198776047,0.0,1.0
229,2018-08-18,2.0,0,3,1,0.0,2,0.66793893129771,0.13521634615384617,0.5303030303030303,639,20.866382160464436,1.0,0.0
230,2018-08-19,2.0,0,3,1,0.5,1,0.5839694656488552,0.462139423076923,-0.4242424242424241,797,22.58538193183041,1.0,0.0
231,2018-08-20,2.0,0,3,1,1.0,2,0.622137404580153,0.2265625000000003,-0.7727272727272727,1914,30.698273032716752,0.0,1.0
232,2018-08-21,2.0,0,3,1,0.5,2,0.6603053435114506,0.6881009615384617,0.6969696969696969,1249,26.46840542476412,0.0,1.0
233,2018-08-22,2.0,0,3,1,0.0,2,0.6068702290076337,-0.7542067307692308,0.9696969696969698,833,22.943551772154095,0.0,1.0
234,2018-08-23,2.0,0,3,1,0.0,2,0.4465648854961834,-0.8263221153846155,-0.34848484848484834,1281,26.703686981463523,0.0,1.0
235,2018-08-24,2.0,0,3,1,0.0,2,0.5458015267175576,-0.10516826923076925,0.7424242424242425,949,24.029799804559193,0.0,1.0
236,2018-08-25,2.0,0,3,1,0.0,1,0.5839694656488552,0.6977163461538464,0.30303030303030304,435,18.143259830460796,1.0,0.0
237,2018-08-26,2.0,0,3,1,0.5,2,0.6297709923664123,0.6448317307692306,-0.9848484848484849,768,22.28867492592782,1.0,0.0
238,2018-08-27,2.0,0,3,1,1.0,1,0.5687022900763359,1.0727163461538463,1.9848484848484849,226,14.196409919260486,0.0,1.0
239,2018-08-28,2.0,0,3,1,0.5,2,0.652671755725191,-0.3118990384615384,1.2575757575757576,1415,27.64721450538754,0.0,1.0
240,2018-08-29,2.0,0,3,1,0.0,2,0.43129770992366434,-0.34555288461538464,-0.21212121212121218,729,21.877248914900424,0.0,1.0
241,2018-08-30,2.0,0,3,1,0.0,2,0.43893129770992373,-0.37920673076923095,-0.5606060606060606,775,22.36099011289047,0.0,1.0
242,2018-08-31,2.0,0,3,1,0.0,2,0.4923664122137405,-0.13882211538461553,-0.9848484848484849,688,21.428059653476943,0.0,1.0
243,2018-01-09,0.0,0,0,1,0.5,2,0.4923664122137405,0.05829326923076917,-0.3939393939393939,783,22.443088040293315,0.0,1.0
244,2018-02-09,0.0,0,0,1,0.0,1,0.4541984732824428,0.4813701923076925,-0.409090909090909,875,23.34820535085994,0.0,1.0
245,2018-03-09,0.0,0,2,1,0.0,2,0.5305343511450382,0.43329326923076944,0.04545454545454557,1935,30.81396754174408,0.0,1.0
246,2018-04-09,1.5,0,2,1,1.0,2,0.6603053435114506,0.5534855769230771,0.25757575757575774,2521,33.74290772827341,0.0,1.0
247,2018-05-09,1.5,0,3,1,0.0,1,0.5458015267175576,0.7842548076923078,0.33333333333333354,1236,26.371637637450757,0.0,1.0
248,2018-06-09,1.5,0,3,1,0.0,0,0.12595419847328262,1.250600961538462,1.6515151515151516,204,13.648860266572404,1.0,0.0
249,2018-07-09,2.0,0,3,1,1.0,0,0.3167938931297712,1.394831730769231,-0.8484848484848485,118,11.001303465544996,0.0,1.0
250,2018-08-09,2.0,0,3,1,0.0,0,0.42366412213740473,1.505408653846154,0.12121212121212133,153,12.201245397222467,0.0,1.0
251,2018-09-09,2.0,0,2,1,0.5,1,0.46946564885496206,1.3034855769230769,-0.5757575757575756,417,17.863466105304152,1.0,0.0
252,2018-10-09,1.0,0,2,1,0.5,2,0.5076335877862598,0.611177884615385,-0.2727272727272726,1750,29.76326206714132,0.0,1.0
253,2018-11-09,1.0,0,1,1,0.0,2,0.4847328244274811,0.4188701923076926,-0.6666666666666666,1633,29.058690721242034,0.0,1.0
254,2018-12-09,1.0,0,0,1,0.5,2,0.4541984732824428,0.31310096153846173,-0.9242424242424242,690,21.4503923785005,1.0,0.0
255,2018-09-13,2.0,0,2,1,0.0,2,0.47709923664122145,0.4092548076923079,-0.3939393939393939,701,21.572433096279518,0.0,1.0
256,2018-09-14,2.0,0,2,1,0.0,2,0.5458015267175576,0.33713942307692324,-0.13636363636363644,647,20.96006154932019,0.0,1.0
257,2018-09-15,2.0,0,2,1,0.0,1,0.24809160305343517,0.3948317307692311,0.9242424242424242,428,18.035414901758596,1.0,0.0
258,2018-09-16,2.0,0,2,1,0.5,1,-0.0954198473282443,-0.17728365384615388,-0.16666666666666663,742,22.016037408971247,1.0,0.0
259,2018-09-17,2.0,0,2,1,1.0,1,-0.01908396946564886,0.43810096153846145,0.09090909090909086,1434,27.77595386171366,0.0,1.0
260,2018-09-18,2.0,0,2,1,0.5,2,0.02671755725190851,0.3275240384615385,-0.015151515151515098,1353,27.2186627180214,0.0,1.0
261,2018-09-19,2.0,0,2,1,0.0,1,0.15648854961832068,0.303485576923077,-0.28787878787878796,691,21.46154204821764,0.0,1.0
262,2018-09-20,2.0,0,2,1,0.0,1,0.1946564885496184,1.2217548076923075,-0.46969696969696967,438,18.189113817415077,0.0,1.0
263,2018-09-21,2.0,0,2,1,0.0,1,0.3015267175572519,1.3131009615384617,-0.8484848484848485,539,19.6208362372894,0.0,1.0
264,2018-09-22,2.0,0,2,1,0.0,1,0.4083969465648857,1.3227163461538465,-0.5303030303030303,555,19.83024151966261,1.0,0.0
265,2018-09-23,1.0,0,2,1,0.5,1,0.3473282442748093,1.6592548076923082,-1.0303030303030303,258,14.930859913469101,1.0,0.0
266,2018-09-24,1.0,0,2,1,1.0,1,0.33969465648854963,1.1304086538461542,-1.0303030303030303,1776,29.91540432973025,0.0,1.0
267,2018-09-25,1.0,0,2,1,0.5,1,0.42366412213740473,1.0486778846153848,-1.3181818181818181,1544,28.499112717370515,0.0,1.0
268,2018-09-26,1.0,0,2,1,0.0,1,0.46946564885496206,1.0631009615384615,-0.712121212121212,684,21.38325989427638,0.0,1.0
269,2018-09-27,1.0,0,2,1,0.0,1,0.43129770992366434,1.240985576923077,-0.6363636363636362,477,18.7664604919159,0.0,1.0
270,2018-09-28,1.0,0,2,1,0.0,1,0.42366412213740473,1.0679086538461542,-0.3181818181818181,480,18.8095067937878,0.0,1.0
271,2018-09-29,1.0,0,2,1,0.0,2,0.37022900763358796,0.346754807692308,-0.07575757575757576,653,21.029799569692006,1.0,0.0
272,2018-09-30,1.0,0,2,1,0.5,2,0.20229007633587806,0.10156249999999988,0.25757575757575774,830,22.914115682910097,1.0,0.0
273,2018-01-10,0.0,0,0,1,0.0,1,-0.27862595419847325,0.611177884615385,1.1363636363636367,480,18.8095067937878,0.0,1.0
274,2018-02-10,0.0,0,0,1,0.0,1,-0.44656488549618323,0.7938701923076925,0.42424242424242437,616,20.59247996716535,1.0,0.0
275,2018-03-10,0.0,0,2,1,0.0,1,-0.3549618320610686,0.6448317307692306,-0.9848484848484849,330,16.37931262231017,1.0,0.0
276,2018-04-10,1.5,0,2,1,0.5,2,-0.041984732824427544,0.39963942307692313,0.25757575757575774,486,18.895047390845665,0.0,1.0
277,2018-05-10,1.5,0,3,1,0.0,2,0.12595419847328262,0.10156249999999988,-0.030303030303030196,559,19.88194256663946,0.0,1.0
278,2018-06-10,1.5,0,3,1,0.5,2,-0.011450381679389207,-0.028245192307692242,-0.46969696969696967,639,20.866382160464436,1.0,0.0
279,2018-07-10,2.0,0,3,1,0.5,2,0.03435114503816789,0.2746394230769234,-1.6060606060606062,949,24.029799804559193,0.0,1.0
280,2018-08-10,2.0,0,3,1,0.0,2,0.0725190839694656,0.35637019230769207,-1.378787878787879,2235,32.37971307356818,0.0,1.0
281,2018-09-10,2.0,0,2,1,1.0,2,0.133587786259542,0.4861778846153845,-1.1818181818181819,2397,33.16566607142315,0.0,1.0
282,2018-10-10,1.0,0,2,1,0.0,2,0.22519083969465647,0.5150240384615388,-1.4090909090909092,1514,28.30549846491878,0.0,1.0
283,2018-11-10,1.0,0,1,1,0.0,1,0.20992366412213745,0.8756009615384619,-0.3787878787878788,667,21.190824693205215,1.0,0.0
284,2018-12-10,1.0,0,0,1,1.0,0,0.14122137404580165,1.3419471153846152,0.6818181818181821,217,13.977048046329125,0.0,1.0
285,2018-10-13,1.0,0,2,1,0.0,1,0.28625954198473286,1.298677884615385,-0.3939393939393939,290,15.60505457017989,1.0,0.0
286,2018-10-14,1.0,0,2,1,0.5,1,0.16412213740458034,0.4284855769230767,0.43939393939393945,529,19.487778018067797,1.0,0.0
287,2018-10-15,1.0,0,2,1,1.0,2,0.02671755725190851,-0.691706730769231,0.7878787878787881,1899,30.615098486573412,0.0,1.0
288,2018-10-16,1.0,0,2,1,0.5,2,0.041984732824427544,-0.6724759615384615,1.0303030303030303,1748,29.751494587944297,0.0,1.0
289,2018-10-17,1.0,0,2,1,0.0,2,0.11068702290076332,-0.22536057692307696,-0.045454545454545296,713,21.704075409338074,0.0,1.0
290,2018-10-18,1.0,0,2,1,0.0,1,0.10305343511450395,0.3611778846153848,-0.712121212121212,637,20.84283639518621,0.0,1.0
291,2018-10-19,1.0,0,2,1,0.0,0,0.133587786259542,1.2890625000000002,0.6363636363636366,254,14.84261076336168,0.0,1.0
292,2018-10-20,1.0,0,2,1,0.0,2,-0.0725190839694656,0.04387019230769238,2.454545454545455,471,18.679806059265733,1.0,0.0
293,2018-10-21,1.0,0,2,1,0.5,2,-0.22519083969465647,-0.2542067307692309,0.4090909090909093,676,21.293116913858686,1.0,0.0
294,2018-10-22,1.0,0,2,1,1.0,2,-0.2404580152671755,0.010216346153846086,-0.8939393939393939,1499,28.207700564224606,0.0,1.0
295,2018-10-23,1.0,0,2,1,0.5,2,-0.2404580152671755,0.5486778846153845,-0.8181818181818181,1619,28.972081387127727,0.0,1.0
296,2018-10-24,1.0,0,2,1,0.0,2,-0.11068702290076332,0.6977163461538464,-0.6212121212121212,699,21.550342341443788,0.0,1.0
297,2018-10-25,1.0,0,2,1,0.0,2,-0.08778625954198464,-0.01862980769230783,-0.13636363636363644,695,21.506030073972326,0.0,1.0
298,2018-10-26,1.0,0,2,1,0.0,1,-0.041984732824427544,0.4477163461538462,-0.3181818181818181,404,17.656183295505553,0.0,1.0
299,2018-10-27,1.0,0,2,1,0.0,1,-0.08778625954198464,0.8948317307692307,0.181818181818182,240,14.525995953471437,1.0,0.0
300,2018-10-28,1.0,0,2,1,0.5,1,-0.5229007633587787,-0.19651442307692304,0.5000000000000001,456,18.45979696707945,1.0,0.0
301,2018-10-29,1.0,0,2,1,1.0,0,-0.767175572519084,1.2265625000000002,1.7272727272727275,57,8.114713729979519,0.0,1.0
302,2018-10-30,1.0,0,2,1,0.5,2,-0.5610687022900764,-0.013822115384615455,-0.045454545454545296,885,23.442573993288537,0.0,1.0
303,2018-10-31,1.0,0,2,1,0.0,2,-0.5,0.3659855769230768,-0.7575757575757576,362,16.953413106041463,0.0,1.0
304,2018-01-11,0.0,0,0,1,0.0,2,-0.3091603053435116,0.2746394230769234,-0.4545454545454546,410,17.752413717048515,0.0,1.0
305,2018-02-11,0.0,0,0,1,0.5,2,-0.37786259541984735,0.4429086538461542,-1.0,370,17.091442859100543,1.0,0.0
306,2018-03-11,0.0,0,2,1,0.5,2,-0.28625954198473286,0.3611778846153848,-0.43939393939393945,318,16.154152506905422,1.0,0.0
307,2018-04-11,1.5,0,2,1,0.0,1,-0.3015267175572519,-0.023437499999999868,0.9242424242424242,470,18.665289955991366,0.0,1.0
308,2018-05-11,1.5,0,3,1,0.0,2,-0.5381679389312977,-0.5186298076923078,0.09090909090909086,1156,25.760185448419776,0.0,1.0
309,2018-06-11,1.5,0,3,1,1.0,2,-0.4694656488549618,0.5198317307692308,-0.8939393939393939,952,24.056648712662287,0.0,1.0
310,2018-07-11,2.0,0,3,1,0.0,2,-0.3244274809160306,0.6352163461538465,-1.2575757575757578,373,17.142674706414564,0.0,1.0
311,2018-08-11,2.0,0,3,1,0.0,2,-0.28625954198473286,0.45733173076923095,-1.1363636363636365,376,17.193623928055374,1.0,0.0
312,2018-09-11,2.0,0,2,1,0.5,2,-0.3091603053435116,0.6304086538461537,-1.196969696969697,305,15.90353377985618,0.0,1.0
313,2018-10-11,1.0,0,2,1,0.0,1,-0.3702290076335878,0.8948317307692307,0.09090909090909086,190,13.27891999200478,0.0,1.0
314,2018-11-11,1.0,0,1,0,0.5,2,-0.5458015267175572,-0.8695913461538463,1.363636363636364,440,18.21956326306046,1.0,0.0
315,2018-12-11,1.0,0,0,1,0.5,2,-0.44656488549618323,-0.35516826923076944,0.3181818181818181,1275,26.659882133235868,0.0,1.0
316,2018-11-13,1.0,0,1,1,0.5,2,-0.1793893129770991,-0.8118990384615387,1.0303030303030303,1004,24.51305170482015,0.0,1.0
317,2018-11-14,1.0,0,1,1,0.0,2,0.0954198473282443,-0.19170673076923067,1.272727272727273,595,20.33618244034791,0.0,1.0
318,2018-11-15,1.0,0,1,1,0.0,1,0.0954198473282443,0.2986778846153849,0.1969696969696971,449,18.355419959790797,0.0,1.0
319,2018-11-16,1.0,0,1,1,0.0,0,-0.133587786259542,1.457331730769231,-0.43939393939393945,145,11.945114071860695,0.0,1.0
320,2018-11-17,1.0,0,1,1,0.0,1,-0.4923664122137405,-0.24459134615384612,1.272727272727273,139,11.746562099967337,1.0,0.0
321,2018-11-18,1.0,0,1,1,0.5,2,-0.7061068702290078,-1.0426682692307694,-0.12121212121212106,245,14.640496283087804,1.0,0.0
322,2018-11-19,1.0,0,1,1,1.0,2,-0.5305343511450382,-0.6003605769230769,0.43939393939393945,943,23.97592635594118,0.0,1.0
323,2018-11-20,1.0,0,1,1,0.5,1,-0.11068702290076332,0.2794471153846154,0.06060606060606066,787,22.483920795639833,0.0,1.0
324,2018-11-21,1.0,0,1,1,0.0,0,-0.16412213740458007,1.3611778846153848,-0.43939393939393945,220,14.050852477026229,0.0,1.0
325,2018-11-22,1.0,0,1,0,0.0,0,-0.2557251908396945,1.611177884615385,-0.6212121212121212,69,8.810353276360255,1.0,0.0
326,2018-11-23,1.0,0,1,1,0.0,1,-0.1793893129770991,0.6304086538461537,1.575757575757576,112,10.771747496560778,0.0,1.0
327,2018-11-24,1.0,0,1,1,0.0,2,-0.39312977099236635,-0.3743990384615386,-0.13636363636363644,560,19.894828048314327,1.0,0.0
328,2018-11-25,1.0,0,1,1,0.5,2,-0.38549618320610685,0.08233173076923106,-0.8333333333333334,1095,25.274094250038676,1.0,0.0
329,2018-11-26,1.0,0,1,1,1.0,2,-0.38549618320610685,0.26502403846153866,-1.1363636363636365,1249,26.46840542476412,0.0,1.0
330,2018-11-27,1.0,0,1,1,0.5,2,-0.12595419847328235,0.3419471153846153,0.28787878787878796,810,22.71598073587438,0.0,1.0
331,2018-11-28,1.0,0,1,1,0.0,2,0.011450381679389478,0.5582932692307692,-0.3939393939393939,253,14.820399304452108,0.0,1.0
332,2018-11-29,1.0,0,1,1,0.0,1,-0.12595419847328235,0.9813701923076922,0.7878787878787881,96,10.115102959468718,0.0,1.0
333,2018-11-30,1.0,0,1,1,0.0,2,-0.5458015267175572,-0.06670673076923092,0.9242424242424242,188,13.224555794604415,0.0,1.0
334,2018-01-12,0.0,0,0,1,0.0,2,-0.583969465648855,-0.4897836538461539,0.4090909090909093,182,13.05903842788398,0.0,1.0
335,2018-02-12,0.0,0,0,1,1.0,2,-0.5763358778625954,-0.004206730769230701,-0.8030303030303031,268,15.147439654158662,0.0,1.0
336,2018-03-12,0.0,0,2,1,1.0,2,-0.6221374045801527,-0.06670673076923092,-0.8636363636363635,706,21.627470972407515,0.0,1.0
337,2018-04-12,1.5,0,2,1,0.0,2,-0.5229007633587787,0.7169471153846152,-0.9848484848484849,634,20.807422223207166,0.0,1.0
338,2018-05-12,1.5,0,3,1,0.0,1,-0.3549618320610686,0.9621394230769234,-1.196969696969697,233,14.362905788170039,1.0,0.0
339,2018-06-12,1.5,0,3,1,0.5,0,-0.11068702290076332,1.553485576923077,0.5303030303030303,126,11.29521086922712,0.0,1.0
340,2018-07-12,2.0,0,3,1,0.0,0,-0.27862595419847325,1.6496394230769234,0.8636363636363639,50,7.6610645629261285,0.0,1.0
341,2018-08-12,2.0,0,3,1,0.5,2,-0.7290076335877863,-0.22536057692307696,0.6060606060606064,150,12.106300542521547,1.0,0.0
342,2018-09-12,2.0,0,2,1,0.0,2,-0.6526717557251909,0.33233173076923056,-1.0,261,14.996431142631277,0.0,1.0
343,2018-10-12,1.0,0,2,1,0.0,2,-0.6984732824427481,-0.5715144230769232,0.5303030303030303,502,19.11965961098823,0.0,1.0
344,2018-11-12,1.0,0,1,0,1.0,2,-0.8664122137404582,-0.6580528846153847,-1.1515151515151516,377,17.210544854603064,1.0,0.0
345,2018-12-12,1.0,0,0,1,0.0,2,-0.8129770992366413,0.21213942307692282,-1.1818181818181819,143,11.879568738579978,0.0,1.0
346,2018-12-13,1.0,0,0,1,0.0,2,-0.6755725190839695,-0.17728365384615388,-0.409090909090909,155,12.263832757522577,0.0,1.0
347,2018-12-14,1.0,0,0,1,0.0,1,-0.5687022900763359,0.17848557692307723,-1.2121212121212122,178,12.946597425443061,0.0,1.0
348,2018-12-15,1.0,0,0,1,0.0,1,-0.2404580152671755,0.034254807692307626,0.893939393939394,181,13.031088794617592,1.0,0.0
349,2018-12-16,1.0,0,0,1,0.5,1,-0.38549618320610685,-0.6099759615384617,0.8181818181818182,178,12.946597425443061,1.0,0.0
350,2018-12-17,1.0,0,0,1,1.0,1,-0.751908396946565,-0.3167067307692307,0.6363636363636366,275,15.295759177479805,0.0,1.0
351,2018-12-18,1.0,0,0,1,0.5,2,-0.8129770992366413,-0.19651442307692304,-0.10606060606060595,220,14.050852477026229,0.0,1.0
352,2018-12-19,1.0,0,0,1,0.0,2,-0.6984732824427481,0.053485576923076796,-0.07575757575757576,260,14.974631934516553,0.0,1.0
353,2018-12-20,1.0,0,0,1,0.0,1,-0.3549618320610686,-0.15324519230769232,-1.2121212121212122,216,13.9522906841088,0.0,1.0
354,2018-12-21,1.0,0,0,1,0.0,1,-0.2175572519083968,1.1111778846153846,0.4090909090909093,107,10.573899066836365,0.0,1.0
355,2018-12-22,0.0,0,0,1,0.0,1,-0.2328244274809161,0.6304086538461537,-1.3484848484848484,227,14.220410217109695,1.0,0.0
356,2018-12-23,0.0,0,0,1,0.5,2,-0.39312977099236635,0.28425480769230743,0.9545454545454545,163,12.508768561460084,1.0,0.0
357,2018-12-24,0.0,0,0,1,1.0,2,-0.6145038167938931,-0.4080528846153845,0.10606060606060623,155,12.263832757522577,0.0,1.0
358,2018-12-25,0.0,0,0,0,0.5,2,-0.6984732824427481,0.2602163461538459,-0.25757575757575746,303,15.864328520407078,1.0,0.0
359,2018-12-26,0.0,0,0,1,0.0,2,-0.5534351145038169,-0.5763221153846153,0.5909090909090909,430,18.066350765476297,0.0,1.0
360,2018-12-27,0.0,0,0,1,0.0,1,-0.5458015267175572,0.6496394230769234,0.07575757575757576,103,10.410990448853742,0.0,1.0
361,2018-12-28,0.0,0,0,1,0.0,2,-0.6221374045801527,-0.5907451923076924,1.1515151515151516,255,14.86476215878075,0.0,1.0
362,2018-12-29,0.0,0,0,1,0.0,2,-0.7824427480916032,-0.2542067307692309,-0.6212121212121212,254,14.84261076336168,1.0,0.0
363,2018-12-30,0.0,0,0,1,0.5,2,-0.583969465648855,0.04867788461538476,-0.46969696969696967,491,18.96577807257468,1.0,0.0
364,2018-12-31,0.0,0,0,1,1.0,2,-0.27862595419847325,-0.052283653846153785,0.4090909090909093,665,21.167964329490268,0.0,1.0
365,2019-01-01,0.0,1,0,0,0.5,2,-0.400763358778626,0.31310096153846173,0.12121212121212133,686,21.405682232121144,1.0,0.0
366,2019-02-01,0.0,1,0,1,0.0,2,-0.7061068702290078,-1.1820913461538463,1.5151515151515156,244,14.617725669338434,0.0,1.0
367,2019-03-01,0.0,1,2,1,0.0,2,-1.087786259541985,-0.8936298076923077,1.878787878787879,89,9.803979363300463,0.0,1.0
368,2019-04-01,1.5,1,2,1,1.0,1,-1.2251908396946565,-1.018629807692308,0.04545454545454557,95,10.071633624010222,0.0,1.0
369,2019-05-01,1.5,1,3,1,0.0,2,-0.7290076335877863,-0.4945913461538463,-0.5151515151515152,140,11.78005804240976,0.0,1.0
370,2019-06-01,1.5,1,3,1,0.0,2,-0.5152671755725192,-0.4080528846153845,-0.13636363636363644,307,15.94256261710444,1.0,0.0
371,2019-07-01,2.0,1,3,1,1.0,2,-0.33206106870228996,-0.4561298076923076,-0.06060606060606066,1070,25.069490728614646,0.0,1.0
372,2019-08-01,2.0,1,3,1,0.0,2,-0.5076335877862596,-0.7782451923076924,0.10606060606060623,599,20.385475260617483,0.0,1.0
373,2019-09-01,2.0,1,2,1,0.5,1,-0.8587786259541986,0.3611778846153848,-0.8333333333333334,106,10.533569973870867,1.0,0.0
374,2019-10-01,1.0,1,2,1,0.5,2,-0.5916030534351145,0.09675480769230785,0.07575757575757576,173,12.80357508690969,0.0,1.0
375,2019-11-01,1.0,1,1,1,0.0,1,-0.7061068702290078,1.0631009615384615,-0.4999999999999999,92,9.93930751344088,0.0,1.0
376,2019-12-01,1.0,1,0,1,0.5,1,-0.3625954198473283,0.8467548076923077,0.0,269,15.168790031302237,1.0,0.0
377,2019-01-13,0.0,1,0,1,0.5,2,-0.7061068702290078,-0.5715144230769232,2.0000000000000004,174,12.832404849813082,1.0,0.0
378,2019-01-14,0.0,1,0,1,1.0,2,-0.9961832061068703,-0.8118990384615387,0.06060606060606066,333,16.434720152611323,0.0,1.0
379,2019-01-15,0.0,1,0,1,0.5,2,-1.0419847328244276,-0.9993990384615387,0.7121212121212123,284,15.482687996367208,0.0,1.0
380,2019-01-16,0.0,1,0,1,0.0,2,-0.9656488549618321,-0.5042067307692307,0.5151515151515152,217,13.977048046329125,0.0,1.0
381,2019-01-17,0.0,1,0,1,0.0,1,-0.39312977099236635,0.4284855769230767,1.7121212121212122,127,11.331038008480384,0.0,1.0
382,2019-01-18,0.0,1,0,1,0.0,2,-0.6145038167938931,-0.8840144230769234,2.378787878787879,109,10.653786062011257,0.0,1.0
383,2019-01-19,0.0,1,0,1,0.0,2,-0.9656488549618321,-0.6195913461538464,0.4090909090909093,130,11.437368521418728,1.0,0.0
384,2019-01-20,0.0,1,0,1,0.5,1,-0.8816793893129772,-0.8503605769230771,0.2272727272727273,115,10.88755529822592,1.0,0.0
385,2019-01-21,0.0,1,0,0,1.0,1,-1.019083969465649,0.9813701923076922,0.42424242424242437,67,8.700535273222862,1.0,0.0
386,2019-01-22,0.0,1,0,1,0.5,1,-1.0496183206106873,0.8131009615384613,0.1969696969696971,196,13.439686812493086,0.0,1.0
387,2019-01-23,0.0,1,0,1,0.0,1,-0.8740458015267176,1.3659855769230769,-0.712121212121212,145,11.945114071860695,0.0,1.0
388,2019-01-24,0.0,1,0,1,0.0,2,-0.4923664122137405,1.0054086538461537,-0.5757575757575756,439,18.204350466623477,0.0,1.0
389,2019-01-25,0.0,1,0,1,0.0,2,-0.6374045801526719,0.08233173076923106,-0.19696969696969682,467,18.62161379103075,0.0,1.0
390,2019-01-26,0.0,1,0,1,0.0,1,-0.4923664122137405,0.6881009615384617,-1.0909090909090908,244,14.617725669338434,1.0,0.0
391,2019-01-27,0.0,1,0,1,0.5,1,-0.2328244274809161,0.5486778846153845,1.6515151515151516,269,15.168790031302237,1.0,0.0
392,2019-01-28,0.0,1,0,1,1.0,2,-0.5763358778625954,-0.4032451923076925,0.30303030303030304,775,22.36099011289047,0.0,1.0
393,2019-01-29,0.0,1,0,1,0.5,2,-0.6755725190839695,-1.518629807692308,0.6060606060606064,558,19.869041221066194,0.0,1.0
394,2019-01-30,0.0,1,0,1,0.0,2,-0.7213740458015268,-1.0859375,0.3636363636363637,126,11.29521086922712,0.0,1.0
395,2019-01-31,0.0,1,0,1,0.0,2,-0.33969465648854963,-1.0090144230769231,0.8181818181818182,324,16.267449563951885,0.0,1.0
396,2019-01-02,0.0,1,0,1,0.0,2,-0.0954198473282443,-0.5715144230769232,0.09090909090909086,304,15.88395332521087,0.0,1.0
397,2019-02-02,0.0,1,0,1,0.0,1,-0.3091603053435116,0.2217548076923076,0.06060606060606066,190,13.27891999200478,1.0,0.0
398,2019-03-02,0.0,1,2,1,0.0,2,-0.583969465648855,-0.48016826923076916,-0.015151515151515098,310,16.00077930607412,1.0,0.0
399,2019-04-02,1.5,1,2,1,0.5,1,-0.7366412213740459,0.7361778846153847,-0.5909090909090909,384,17.328135404690276,0.0,1.0
400,2019-05-02,1.5,1,3,1,0.0,1,-0.7290076335877863,0.29387019230769224,-0.045454545454545296,318,16.154152506905422,0.0,1.0
401,2019-06-02,1.5,1,3,1,0.5,2,-0.6755725190839695,-0.023437499999999868,-0.2727272727272726,206,13.700269275640977,1.0,0.0
402,2019-07-02,2.0,1,3,1,0.5,2,-0.4541984732824428,-0.6292067307692308,-0.33333333333333326,199,13.518803186106753,0.0,1.0
403,2019-08-02,2.0,1,3,1,0.0,1,-0.7595419847328245,0.462139423076923,-0.46969696969696967,109,10.653786062011257,0.0,1.0
404,2019-09-02,2.0,1,2,0,1.0,2,-0.7290076335877863,-0.3118990384615384,0.13636363636363644,163,12.508768561460084,1.0,0.0
405,2019-10-02,1.0,1,2,1,0.0,1,-0.6832061068702291,-0.4176682692307693,-0.6515151515151515,227,14.220410217109695,0.0,1.0
406,2019-11-02,1.0,1,1,1,0.0,0,-0.8587786259541986,0.5006009615384613,1.106060606060606,192,13.332892012057785,1.0,0.0
407,2019-12-02,1.0,1,0,1,1.0,2,-1.1641221374045803,-0.7782451923076924,2.3181818181818183,73,9.023587275838487,0.0,1.0
408,2019-02-13,0.0,1,0,1,0.0,2,-0.8664122137404582,-1.037860576923077,-0.13636363636363644,94,10.027848426950573,0.0,1.0
409,2019-02-14,0.0,1,0,1,0.0,1,-0.5610687022900764,-0.566706730769231,-0.3939393939393939,135,11.610896216048529,0.0,1.0
410,2019-02-15,0.0,1,0,1,0.0,2,-0.4694656488549618,-0.4609375,0.015151515151515098,141,11.813389829019998,0.0,1.0
411,2019-02-16,0.0,1,0,1,0.0,1,-0.5687022900763359,0.6063701923076923,-0.9090909090909092,74,9.075634422036053,1.0,0.0
412,2019-02-17,0.0,1,0,1,0.5,2,-0.48473282442748095,0.03906250000000001,0.25757575757575774,349,16.724569505994513,1.0,0.0
413,2019-02-18,0.0,1,0,0,1.0,2,-0.47709923664122145,-0.44170673076923084,0.10606060606060623,1435,27.782697036897115,1.0,0.0
414,2019-02-19,0.0,1,0,1,0.5,1,-0.6832061068702291,-0.5330528846153846,0.7424242424242425,618,20.616574036363005,0.0,1.0
415,2019-02-20,0.0,1,0,1,0.0,2,-0.6832061068702291,-0.5715144230769232,0.48484848484848503,502,19.11965961098823,0.0,1.0
416,2019-02-21,0.0,1,0,1,0.0,2,-0.6603053435114504,-0.1580528846153847,0.25757575757575774,163,12.508768561460084,0.0,1.0
417,2019-02-22,0.0,1,0,1,0.0,2,-0.3244274809160306,-0.2830528846153848,0.5454545454545454,394,17.49359116289115,0.0,1.0
418,2019-02-23,0.0,1,0,1,0.0,2,-0.14122137404580137,-0.34555288461538464,0.10606060606060623,516,19.31219047959194,1.0,0.0
419,2019-02-24,0.0,1,0,1,0.5,1,-0.28625954198473286,0.5342548076923076,0.5757575757575759,246,14.663203062497052,1.0,0.0
420,2019-02-25,0.0,1,0,1,1.0,2,-0.6526717557251909,-1.1099759615384617,2.454545454545455,317,16.13512705387941,0.0,1.0
421,2019-02-26,0.0,1,0,1,0.5,2,-0.6908396946564885,-1.0426682692307694,0.25757575757575774,515,19.298558271471887,0.0,1.0
422,2019-02-27,0.0,1,0,1,0.0,2,-0.41603053435114506,-0.6532451923076923,0.893939393939394,253,14.820399304452108,0.0,1.0
423,2019-02-28,0.0,1,0,1,0.0,2,-0.43893129770992373,-1.1099759615384617,0.13636363636363644,229,14.26819352349966,0.0,1.0
424,2019-01-03,0.0,1,0,1,0.0,2,-0.041984732824427544,-0.05709134615384616,0.46969696969696967,325,16.28619178229141,0.0,1.0
425,2019-02-03,0.0,1,0,1,0.5,1,-0.4541984732824428,0.14483173076923092,-0.3636363636363637,246,14.663203062497052,1.0,0.0
426,2019-03-03,0.0,1,2,1,0.5,1,-0.2633587786259542,-0.028245192307692242,-0.19696969696969682,956,24.09235688677145,1.0,0.0
427,2019-04-03,1.5,1,2,1,0.0,2,-0.5381679389312977,-1.0763221153846156,1.5606060606060606,710,21.67130856287786,0.0,1.0
428,2019-05-03,1.5,1,3,1,0.0,2,-0.7977099236641222,-0.5811298076923077,0.48484848484848503,203,13.62302568669851,0.0,1.0
429,2019-06-03,1.5,1,3,1,1.0,2,-0.751908396946565,-0.8167067307692307,0.21212121212121218,221,14.075300062683299,0.0,1.0
430,2019-07-03,2.0,1,3,1,0.0,2,-0.29389312977099225,-0.5474759615384618,1.6818181818181819,432,18.09718782281757,0.0,1.0
431,2019-08-03,2.0,1,3,1,0.0,2,0.0877862595419849,-0.2830528846153848,2.651515151515152,486,18.895047390845665,1.0,0.0
432,2019-09-03,2.0,1,2,1,0.5,1,-0.27862595419847325,-1.0570913461538463,2.378787878787879,447,18.325392570647033,0.0,1.0
433,2019-10-03,1.0,1,2,1,0.0,2,-0.6603053435114504,-1.331129807692308,0.4545454545454546,968,24.198868608451622,0.0,1.0
434,2019-11-03,1.0,1,1,1,0.5,2,-0.43129770992366406,-0.7205528846153846,0.42424242424242437,1658,29.212088494951814,1.0,0.0
435,2019-12-03,1.0,1,0,1,0.5,2,-0.10305343511450367,-0.6628605769230771,0.2727272727272729,838,22.9924503079177,0.0,1.0
436,2019-03-13,0.0,1,2,1,0.0,2,0.20992366412213745,-0.04266826923076937,0.5757575757575759,762,22.226328788242366,0.0,1.0
437,2019-03-14,0.0,1,2,1,0.0,2,0.2328244274809161,-0.5763221153846153,-0.6666666666666666,997,24.45257464224404,0.0,1.0
438,2019-03-15,0.0,1,2,1,0.0,2,0.18702290076335876,-0.22536057692307696,-0.3181818181818181,1005,24.521667588204817,0.0,1.0
439,2019-03-16,0.0,1,2,1,0.0,1,-0.1946564885496184,1.034254807692308,-0.6818181818181819,548,19.739144572014773,1.0,0.0
440,2019-03-17,0.0,1,2,1,0.5,1,0.049618320610687196,0.620793269230769,-0.712121212121212,3155,36.42335973292572,1.0,0.0
441,2019-03-18,0.0,1,2,1,1.0,1,-0.08015267175572525,0.880408653846154,-0.5454545454545454,2207,32.23993117522535,0.0,1.0
442,2019-03-19,0.0,1,2,1,0.5,2,0.14122137404580165,0.49098557692307726,-0.1818181818181817,982,24.321990640981856,0.0,1.0
443,2019-03-20,1.5,1,2,1,0.0,2,0.1946564885496184,0.8707932692307692,-0.6060606060606061,1051,24.9117821253897,0.0,1.0
444,2019-03-21,1.5,1,2,1,0.0,1,0.10305343511450395,0.933293269230769,-0.9242424242424242,1122,25.49148875343988,0.0,1.0
445,2019-03-22,1.5,1,2,1,0.0,2,0.17175572519083973,0.9813701923076922,-0.6363636363636362,1334,27.084633767702915,0.0,1.0
446,2019-03-23,1.5,1,2,1,0.0,1,0.3244274809160306,0.3227163461538465,-0.6515151515151515,2469,33.503270826270615,1.0,0.0
447,2019-03-24,1.5,1,2,1,0.5,1,0.011450381679389478,1.240985576923077,0.12121212121212133,1033,24.760554708315045,1.0,0.0
448,2019-03-25,1.5,1,2,1,1.0,1,-0.1946564885496184,1.2217548076923075,0.4090909090909093,1532,28.42198021121308,0.0,1.0
449,2019-03-26,1.5,1,2,1,0.5,2,-0.16412213740458007,-0.7157451923076925,2.090909090909091,795,22.565160043746044,0.0,1.0
450,2019-03-27,1.5,1,2,1,0.0,2,-0.5458015267175572,-1.6195913461538465,0.06060606060606066,531,19.514527201180098,0.0,1.0
451,2019-03-28,1.5,1,2,1,0.0,2,-0.041984732824427544,-0.7013221153846154,1.1212121212121213,674,21.27046662993764,0.0,1.0
452,2019-03-29,1.5,1,2,1,0.0,2,-0.011450381679389207,-0.9032451923076925,1.409090909090909,834,22.953347596990593,0.0,1.0
453,2019-03-30,1.5,1,2,1,0.0,1,-0.400763358778626,-0.22055288461538458,-0.4242424242424241,796,22.575275355986328,1.0,0.0
454,2019-03-31,1.5,1,2,1,0.5,1,-0.2328244274809161,0.5342548076923076,0.7121212121212123,2301,32.704498267534206,1.0,0.0
455,2019-01-04,0.0,1,0,1,0.0,1,-0.22519083969465647,0.2361778846153844,-0.09090909090909086,2347,32.92709295102222,0.0,1.0
456,2019-02-04,0.0,1,0,1,1.0,2,-0.20229007633587778,-0.5907451923076924,1.3333333333333333,1208,26.160811910093877,0.0,1.0
457,2019-03-04,0.0,1,2,1,1.0,2,-0.10305343511450367,-1.1051682692307692,-0.8181818181818181,1348,27.183518099865907,0.0,1.0
458,2019-04-04,1.5,1,2,1,0.0,2,0.133587786259542,-0.7542067307692308,0.0,1058,24.970111695252918,0.0,1.0
459,2019-05-04,1.5,1,3,1,0.0,2,-0.20229007633587778,-1.2157451923076925,0.3939393939393939,1192,26.03882734820673,1.0,0.0
460,2019-06-04,1.5,1,3,1,0.5,2,-0.3015267175572519,-1.2013221153846154,1.2121212121212124,1807,30.094815653023783,0.0,1.0
461,2019-07-04,2.0,1,3,0,0.0,2,-0.1946564885496184,-1.7926682692307696,0.9545454545454545,3252,36.7997775228126,1.0,0.0
462,2019-08-04,2.0,1,3,1,0.5,2,0.003816793893129826,-1.6868990384615385,0.5303030303030303,2230,32.35484071146578,1.0,0.0
463,2019-09-04,2.0,1,2,1,0.0,2,-0.02671755725190824,-1.4849759615384617,1.8030303030303032,905,23.62913328272585,0.0,1.0
464,2019-10-04,1.0,1,2,1,0.0,2,-0.16412213740458007,-0.9224759615384617,0.6969696969696969,819,22.805553072141805,0.0,1.0
465,2019-11-04,1.0,1,1,1,1.0,2,-0.4694656488549618,-0.7542067307692308,1.166666666666667,482,18.838101627313304,0.0,1.0
466,2019-12-04,1.0,1,0,1,0.0,2,-0.3167938931297709,-0.7734375,1.1212121212121213,663,21.145056629380793,0.0,1.0
467,2019-04-13,1.5,1,2,1,0.0,2,-0.1793893129770991,-1.0522836538461542,-0.25757575757575746,1252,26.490637984525883,1.0,0.0
468,2019-04-14,1.5,1,2,1,0.5,2,-0.011450381679389207,-0.5955528846153848,0.10606060606060623,2795,34.95242433355225,1.0,0.0
469,2019-04-15,1.5,1,2,1,1.0,2,0.33969465648854963,-0.5715144230769232,0.4545454545454546,2846,35.16844227782097,0.0,1.0
470,2019-04-16,1.5,1,2,0,0.5,2,0.5152671755725192,-0.3118990384615384,1.060606060606061,1198,26.08470277573263,1.0,0.0
471,2019-04-17,1.5,1,2,1,0.0,2,0.33969465648854963,-1.1388221153846156,0.9393939393939396,989,24.383099323185924,0.0,1.0
472,2019-04-18,1.5,1,2,1,0.0,1,-0.11068702290076332,-0.2782451923076924,-0.12121212121212106,347,16.688844923276605,0.0,1.0
473,2019-04-19,1.5,1,2,1,0.0,2,-0.003816793893129826,-0.07151442307692295,-1.1666666666666665,846,23.070272263845283,0.0,1.0
474,2019-04-20,1.5,1,2,1,0.0,2,0.0877862595419849,0.3275240384615385,-0.3181818181818181,1340,27.127099747302395,1.0,0.0
475,2019-04-21,1.5,1,2,1,0.5,2,0.22519083969465647,0.26983173076923067,1.0454545454545456,2541,33.83417044797426,1.0,0.0
476,2019-04-22,1.5,1,2,1,1.0,0,-0.3167938931297709,1.0006009615384617,1.666666666666667,120,11.076034853721117,0.0,1.0
477,2019-04-23,1.5,1,2,1,0.5,1,-0.5534351145038169,0.6736778846153848,1.2424242424242427,195,13.413129686804043,0.0,1.0
478,2019-04-24,1.5,1,2,1,0.0,2,-0.27099236641221386,-0.8311298076923078,0.6969696969696969,518,19.339400479441093,0.0,1.0
479,2019-04-25,1.5,1,2,1,0.0,2,-0.0725190839694656,-0.9561298076923079,-0.6212121212121212,655,21.052947610251845,0.0,1.0
480,2019-04-26,1.5,1,2,1,0.0,1,-0.003816793893129826,0.6256009615384618,-0.045454545454545296,475,18.737659407525854,0.0,1.0
481,2019-04-27,1.5,1,2,1,0.0,2,-0.12595419847328235,-1.0859375,1.6969696969696972,1014,24.598946471932145,1.0,0.0
482,2019-04-28,1.5,1,2,1,0.5,1,-0.38549618320610685,-0.6580528846153847,-0.5151515151515152,1120,25.47550963067842,1.0,0.0
483,2019-04-29,1.5,1,2,1,1.0,2,-0.12595419847328235,-0.19170673076923067,-0.6515151515151515,2229,32.34986163739344,0.0,1.0
484,2019-04-30,1.5,1,2,1,0.5,1,-0.11068702290076332,-0.27343750000000006,-0.09090909090909086,665,21.167964329490268,0.0,1.0
485,2019-01-05,0.0,1,0,1,0.0,1,0.3549618320610689,0.1592548076923077,-0.24242424242424238,653,21.029799569692006,1.0,0.0
486,2019-02-05,0.0,1,0,1,0.5,2,0.20229007633587806,0.8179086538461541,-0.43939393939393945,667,21.190824693205215,0.0,1.0
487,2019-03-05,0.0,1,2,1,0.5,1,0.1946564885496184,0.6784855769230769,-0.46969696969696967,764,22.247148230658432,0.0,1.0
488,2019-04-05,1.5,1,2,1,0.0,2,0.400763358778626,0.5198317307692308,-0.1818181818181817,1069,25.061238508488632,0.0,1.0
489,2019-05-05,1.5,1,3,1,0.5,1,0.385496183206107,0.6256009615384618,-0.2727272727272726,2496,33.628126344135325,1.0,0.0
490,2019-06-05,1.5,1,3,1,0.0,1,0.20229007633587806,0.5438701923076924,-0.3181818181818181,2135,31.87480202668813,0.0,1.0
491,2019-07-05,2.0,1,3,1,0.0,1,0.11832061068702297,0.17848557692307723,0.5151515151515152,1008,24.547479911540727,0.0,1.0
492,2019-08-05,2.0,1,3,1,1.0,1,0.2557251908396948,0.28425480769230743,1.166666666666667,738,21.973512618913848,0.0,1.0
493,2019-09-05,2.0,1,2,1,0.0,1,0.24045801526717578,0.5631009615384619,0.3636363636363637,620,20.640614535393613,0.0,1.0
494,2019-10-05,1.0,1,2,1,0.0,2,0.01908396946564886,-0.35997596153846145,1.3484848484848486,1026,24.70125456902106,1.0,0.0
495,2019-11-05,1.0,1,1,1,0.5,2,0.11068702290076332,-1.2830528846153848,0.5757575757575759,1319,26.97789098897785,0.0,1.0
496,2019-12-05,1.0,1,0,1,0.0,2,0.20229007633587806,-0.7061298076923078,-0.5909090909090909,2622,34.19881237702311,0.0,1.0
497,2019-05-13,1.5,1,3,1,1.0,2,0.3549618320610689,-0.24459134615384612,0.4545454545454546,2172,32.06347789586011,0.0,1.0
498,2019-05-14,1.5,1,3,1,0.5,1,0.2328244274809161,0.7842548076923078,0.33333333333333354,342,16.598909600257397,0.0,1.0
499,2019-05-15,1.5,1,3,1,0.0,1,0.3549618320610689,0.8082932692307694,-0.33333333333333326,625,20.70048331921915,0.0,1.0
500,2019-05-16,1.5,1,3,1,0.0,2,0.43129770992366434,0.3419471153846153,-0.5909090909090909,991,24.40050428477717,0.0,1.0
501,2019-05-17,1.5,1,3,1,0.0,2,0.2938931297709925,-0.5138221153846154,0.5000000000000001,1242,26.41638624261,0.0,1.0
502,2019-05-18,1.5,1,3,1,0.0,2,0.20229007633587806,-0.49939903846153866,-0.43939393939393945,1521,28.350909517968855,1.0,0.0
503,2019-05-19,1.5,1,3,1,0.5,2,0.3167938931297712,-0.8215144230769231,-0.9848484848484849,3410,37.39671052696428,1.0,0.0
504,2019-05-20,1.5,1,3,1,1.0,2,0.385496183206107,-0.46574519230769235,0.7424242424242425,2704,34.560147535840194,0.0,1.0
505,2019-05-21,1.5,1,3,1,0.5,1,0.3091603053435116,0.885216346153846,0.5303030303030303,630,20.760023587497308,0.0,1.0
506,2019-05-22,1.5,1,3,1,0.0,1,0.3625954198473283,0.6688701923076922,-0.6363636363636362,819,22.805553072141805,0.0,1.0
507,2019-05-23,1.5,1,3,1,0.0,1,0.385496183206107,0.7121394230769231,-0.8030303030303031,766,22.267930221589673,0.0,1.0
508,2019-05-24,1.5,1,3,1,0.0,2,0.4923664122137405,0.43329326923076944,-0.07575757575757576,1059,24.978422803040612,0.0,1.0
509,2019-05-25,1.5,1,3,1,0.0,2,0.5687022900763359,0.5775240384615387,-0.409090909090909,1417,27.66082179810581,1.0,0.0
510,2019-05-26,1.5,1,3,1,0.5,2,0.6068702290076337,0.5054086538461541,0.181818181818182,2855,35.20628611500822,1.0,0.0
511,2019-05-27,1.5,1,3,0,1.0,2,0.5992366412213742,0.33713942307692324,0.3484848484848486,3283,36.91844563898211,1.0,0.0
512,2019-05-28,1.5,1,3,1,0.5,2,0.66793893129771,0.2361778846153844,0.16666666666666663,2557,33.90682554992573,0.0,1.0
513,2019-05-29,1.5,1,3,1,0.0,2,0.6984732824427484,0.2794471153846154,1.166666666666667,880,23.395481867885813,0.0,1.0
514,2019-05-30,1.5,1,3,1,0.0,1,0.4923664122137405,0.2073317307692308,-0.46969696969696967,745,22.04782764273909,0.0,1.0
515,2019-05-31,1.5,1,3,1,0.0,2,0.5687022900763359,-0.6436298076923079,0.15151515151515152,1100,25.3146284579597,0.0,1.0
516,2019-01-06,0.0,1,0,1,0.5,1,0.4847328244274811,0.615985576923077,0.5757575757575759,533,19.541207179124484,1.0,0.0
517,2019-02-06,0.0,1,0,1,0.0,2,0.2633587786259542,-0.3743990384615386,0.06060606060606066,2795,34.95242433355225,0.0,1.0
518,2019-03-06,0.0,1,2,1,0.0,2,0.3244274809160306,-0.6436298076923079,0.030303030303030467,2494,33.61890973357681,0.0,1.0
519,2019-04-06,1.5,1,2,1,0.0,2,0.3091603053435116,-0.6724759615384615,1.060606060606061,1071,25.077737645991387,1.0,0.0
520,2019-05-06,1.5,1,3,1,1.0,1,0.133587786259542,-0.06670673076923092,0.28787878787878796,968,24.198868608451622,0.0,1.0
521,2019-06-06,1.5,1,3,1,0.0,2,0.17175572519083973,-0.07632211538461532,-1.0454545454545454,1027,24.709743019528393,0.0,1.0
522,2019-07-06,2.0,1,3,1,0.0,2,0.3244274809160306,-0.2878605769230768,-0.24242424242424238,1038,24.80274294696482,1.0,0.0
523,2019-08-06,2.0,1,3,1,0.5,2,0.46946564885496206,-0.7638221153846156,-0.045454545454545296,1488,28.135553480540658,0.0,1.0
524,2019-09-06,2.0,1,2,1,0.0,2,0.6603053435114506,-0.9128605769230769,-0.3636363636363637,2708,34.57757972038729,0.0,1.0
525,2019-10-06,1.0,1,2,1,0.5,2,0.7137404580152674,-0.427283653846154,-0.46969696969696967,2224,32.324943194818445,1.0,0.0
526,2019-11-06,1.0,1,1,1,0.0,1,0.6984732824427484,-0.18689903846153863,0.2727272727272729,1017,24.62460123505955,0.0,1.0
527,2019-12-06,1.0,1,0,1,0.0,1,0.4847328244274811,0.9909855769230769,0.3484848484848486,477,18.7664604919159,0.0,1.0
528,2019-06-13,1.5,1,3,1,0.0,2,0.4923664122137405,-0.2157451923076922,1.6515151515151516,1173,25.892499050187762,0.0,1.0
529,2019-06-14,1.5,1,3,1,0.0,2,0.46946564885496206,-0.27343750000000006,0.7424242424242425,1180,25.9465978400667,0.0,1.0
530,2019-06-15,1.5,1,3,1,0.0,2,0.43893129770992373,-0.17728365384615388,-0.045454545454545296,1563,28.620400318031457,1.0,0.0
531,2019-06-16,1.5,1,3,1,0.5,2,0.41603053435114506,-0.5907451923076924,-0.13636363636363644,2963,35.65414071945312,1.0,0.0
532,2019-06-17,1.5,1,3,1,1.0,2,0.2938931297709925,-0.13401442307692316,-0.3636363636363637,2634,34.252171664383866,0.0,1.0
533,2019-06-18,1.5,1,3,1,0.5,1,0.2175572519083971,0.7265625,-0.06060606060606066,653,21.029799569692006,0.0,1.0
534,2019-06-19,1.5,1,3,1,0.0,2,0.5916030534351145,0.303485576923077,-0.33333333333333326,968,24.198868608451622,0.0,1.0
535,2019-06-20,1.5,1,3,1,0.0,2,0.889312977099237,-0.1676682692307691,-0.6818181818181819,872,23.319750192542735,0.0,1.0
536,2019-06-21,2.0,1,3,1,0.0,2,0.9580152671755727,-0.2830528846153848,-0.6212121212121212,778,22.3918448398277,0.0,1.0
537,2019-06-22,2.0,1,3,1,0.0,2,0.8740458015267176,-0.2542067307692309,0.030303030303030467,964,24.163466118090938,1.0,0.0
538,2019-06-23,2.0,1,3,1,0.5,2,0.7290076335877864,-0.44170673076923084,-0.015151515151515098,2657,34.35397811153608,1.0,0.0
539,2019-06-24,2.0,1,3,1,1.0,2,0.7671755725190842,-0.7109375000000001,-0.34848484848484834,2551,33.879616628478686,0.0,1.0
540,2019-06-25,2.0,1,3,1,0.5,2,0.6755725190839696,-0.5907451923076924,1.2121212121212124,1139,25.626526703614285,0.0,1.0
541,2019-06-26,2.0,1,3,1,0.0,2,0.41603053435114506,-1.220552884615385,1.6969696969696972,1077,25.12710825887398,0.0,1.0
542,2019-06-27,2.0,1,3,1,0.0,2,0.622137404580153,-1.2830528846153848,0.9242424242424242,1077,25.12710825887398,0.0,1.0
543,2019-06-28,2.0,1,3,1,0.0,2,0.7824427480916032,-0.9849759615384616,-0.09090909090909086,921,23.776349287746303,0.0,1.0
544,2019-06-29,2.0,1,3,1,0.0,2,1.0496183206106875,-0.6628605769230771,-0.15151515151515152,829,22.904287393336155,1.0,0.0
545,2019-06-30,2.0,1,3,1,0.5,2,0.83587786259542,-0.12439903846153841,-0.19696969696969682,1455,27.916886998988147,1.0,0.0
546,2019-01-07,0.0,1,0,1,1.0,2,0.9885496183206108,-0.5186298076923078,-0.12121212121212106,1421,27.68799680573291,0.0,1.0
547,2019-02-07,0.0,1,0,1,0.0,2,0.8816793893129773,-0.8647836538461539,0.15151515151515152,904,23.619873036173338,0.0,1.0
548,2019-03-07,0.0,1,2,1,0.0,2,0.8816793893129773,-0.6484375,-0.5454545454545454,1052,24.920131247830643,0.0,1.0
549,2019-04-07,1.5,1,2,1,0.5,2,0.9122137404580154,-0.4224759615384617,-0.46969696969696967,2562,33.92946612672132,1.0,0.0
550,2019-05-07,1.5,1,3,1,0.5,2,1.0267175572519085,-0.8118990384615387,0.13636363636363644,1405,27.57897888865059,0.0,1.0
551,2019-06-07,1.5,1,3,1,0.0,2,1.0343511450381682,-0.8455528846153847,-0.34848484848484834,1366,27.309622582638667,0.0,1.0
552,2019-07-07,2.0,1,3,1,0.5,2,1.133587786259542,-0.6484375,-0.16666666666666663,1448,27.87006565125508,1.0,0.0
553,2019-08-07,2.0,1,3,1,0.0,2,1.0114503816793898,-0.2542067307692309,-0.5606060606060606,1203,26.12281173504856,0.0,1.0
554,2019-09-07,2.0,1,2,1,0.0,1,0.6603053435114506,0.26983173076923067,0.0,998,24.461232065389975,1.0,0.0
555,2019-10-07,1.0,1,2,1,1.0,1,0.6984732824427484,0.19771634615384603,-0.28787878787878796,954,24.0745156716324,0.0,1.0
556,2019-11-07,1.0,1,1,1,0.0,2,0.6832061068702291,0.029447115384615252,-0.28787878787878796,975,24.260581618875033,0.0,1.0
557,2019-12-07,1.0,1,0,1,0.0,2,0.6755725190839696,-0.46574519230769235,-0.34848484848484834,1032,24.752100215488632,1.0,0.0
558,2019-07-13,2.0,1,3,1,0.0,1,0.7290076335877864,-0.6772836538461539,-1.0151515151515151,1511,28.285992374238177,1.0,0.0
559,2019-07-14,2.0,1,3,1,0.5,1,0.637404580152672,0.346754807692308,-0.3787878787878788,2355,32.96549803081797,1.0,0.0
560,2019-07-15,2.0,1,3,1,1.0,2,0.7748091603053437,0.43810096153846145,-0.13636363636363644,1920,30.73141732555984,0.0,1.0
561,2019-07-16,2.0,1,3,1,0.5,2,0.8282442748091605,0.08713942307692309,-0.16666666666666663,1088,25.217131935362787,0.0,1.0
562,2019-07-17,2.0,1,3,1,0.0,2,1.0038167938931302,-0.5811298076923077,-0.6666666666666666,921,23.776349287746303,0.0,1.0
563,2019-07-18,2.0,1,3,1,0.0,2,0.9198473282442751,-0.23978365384615374,-0.43939393939393945,799,22.60556894823919,0.0,1.0
564,2019-07-19,2.0,1,3,1,0.0,2,0.8511450381679392,-0.12920673076923078,-0.15151515151515152,888,23.470741491686198,0.0,1.0
565,2019-07-20,2.0,1,3,1,0.0,1,0.5229007633587788,1.0438701923076927,0.28787878787878796,747,22.06897224785361,1.0,0.0
566,2019-07-21,2.0,1,3,1,0.5,0,0.3015267175572519,1.1448317307692308,0.33333333333333354,1264,26.57920359220883,1.0,0.0
567,2019-07-22,2.0,1,3,1,1.0,1,0.5305343511450382,0.6496394230769234,-0.8787878787878788,2544,33.84781719869342,0.0,1.0
568,2019-07-23,2.0,1,3,1,0.5,2,0.7595419847328245,0.3227163461538465,-0.4242424242424241,1135,25.594878439170266,0.0,1.0
569,2019-07-24,2.0,1,3,1,0.0,2,0.7900763358778629,0.13521634615384617,0.3181818181818181,1140,25.634426822164684,0.0,1.0
570,2019-07-25,2.0,1,3,1,0.0,2,0.7061068702290078,-0.8503605769230771,-0.16666666666666663,1383,27.42767611838279,0.0,1.0
571,2019-07-26,2.0,1,3,1,0.0,2,0.8664122137404583,-0.14362980769230757,1.060606060606061,1036,24.785884459991365,0.0,1.0
572,2019-07-27,2.0,1,3,1,0.0,2,0.8816793893129773,-0.15324519230769232,-0.2727272727272726,1259,26.54237183905966,1.0,0.0
573,2019-07-28,2.0,1,3,1,0.5,2,0.8053435114503819,-0.06670673076923092,-0.24242424242424238,2234,32.37474166505126,1.0,0.0
574,2019-07-29,2.0,1,3,1,1.0,2,0.6984732824427484,-0.013822115384615455,-0.10606060606060595,2153,31.96686882384164,0.0,1.0
575,2019-07-30,2.0,1,3,1,0.5,2,0.7290076335877864,0.20252403846153877,-0.2727272727272726,1040,24.819579107604213,0.0,1.0
576,2019-07-31,2.0,1,3,1,0.0,2,0.66793893129771,0.37079326923076955,-0.15151515151515152,968,24.198868608451622,0.0,1.0
577,2019-01-08,0.0,1,0,1,0.5,2,0.6832061068702291,0.24579326923076913,-0.3939393939393939,1074,25.102446665060327,0.0,1.0
578,2019-02-08,0.0,1,0,1,0.0,2,0.7977099236641222,0.1592548076923077,-0.5151515151515152,983,24.330738756661983,0.0,1.0
579,2019-03-08,0.0,1,2,1,0.0,1,0.83587786259542,0.0727163461538463,0.3636363636363637,1328,27.042036215941554,0.0,1.0
580,2019-04-08,1.5,1,2,1,1.0,2,0.9198473282442751,-0.06670673076923092,0.7727272727272727,2345,32.91747761658201,0.0,1.0
581,2019-05-08,1.5,1,3,1,0.0,2,0.8435114503816796,0.12079326923076938,1.1212121212121213,1707,29.50819368277907,0.0,1.0
582,2019-06-08,1.5,1,3,1,0.0,1,0.7977099236641222,0.13040865384615413,-0.5151515151515152,1233,26.349207290733414,1.0,0.0
583,2019-07-08,2.0,1,3,1,1.0,1,0.7442748091603054,0.37079326923076955,-0.6515151515151515,1278,26.681802238340037,0.0,1.0
584,2019-08-08,2.0,1,3,1,0.0,1,0.7900763358778629,0.2217548076923076,-0.712121212121212,1263,26.571845268677766,0.0,1.0
585,2019-09-08,2.0,1,2,1,0.5,2,0.8053435114503819,-0.03305288461538462,-0.24242424242424238,1196,26.069428560801942,1.0,0.0
586,2019-10-08,1.0,1,2,1,0.5,1,0.6755725190839696,0.4284855769230767,0.5909090909090909,1065,25.028176432676553,0.0,1.0
587,2019-11-08,1.0,1,1,1,0.0,1,0.6068702290076337,0.510216346153846,0.25757575757575774,2247,32.43925099318194,0.0,1.0
588,2019-12-08,1.0,1,0,1,0.5,2,0.6297709923664123,-0.46574519230769235,-0.5909090909090909,2182,32.1140914645616,1.0,0.0
589,2019-08-13,2.0,1,3,1,0.5,2,0.6984732824427484,-0.39362980769230776,-0.4545454545454546,1207,26.153220541278685,0.0,1.0
590,2019-08-14,2.0,1,3,1,0.0,2,0.7137404580152674,0.28906250000000017,-0.12121212121212106,1128,25.53930888594314,0.0,1.0
591,2019-08-15,2.0,1,3,1,0.0,2,0.652671755725191,-0.03305288461538462,-0.10606060606060595,1198,26.08470277573263,0.0,1.0
592,2019-08-16,2.0,1,3,1,0.0,2,0.6908396946564888,-0.5186298076923078,-0.3939393939393939,1338,27.112958978368034,0.0,1.0
593,2019-08-17,2.0,1,3,1,0.0,2,0.7061068702290078,-0.26862980769230765,0.5151515151515152,1483,28.1026380523727,1.0,0.0
594,2019-08-18,2.0,1,3,1,0.5,2,0.5610687022900765,-0.114783653846154,-0.030303030303030196,2827,35.088278596241295,1.0,0.0
595,2019-08-19,2.0,1,3,1,1.0,1,0.43129770992366434,0.4092548076923079,-0.9545454545454546,1208,26.160811910093877,0.0,1.0
596,2019-08-20,2.0,1,3,1,0.5,1,0.43129770992366434,0.5150240384615388,-0.5151515151515152,1026,24.70125456902106,0.0,1.0
597,2019-08-21,2.0,1,3,1,0.0,2,0.46946564885496206,0.2265625000000003,-1.0909090909090908,1081,25.159916996099998,0.0,1.0
598,2019-08-22,2.0,1,3,1,0.0,2,0.5305343511450382,0.2409855769230771,-1.121212121212121,1094,25.265972139737382,0.0,1.0
599,2019-08-23,2.0,1,3,1,0.0,2,0.6145038167938933,0.04387019230769238,-0.9696969696969697,1363,27.288684865354206,0.0,1.0
600,2019-08-24,2.0,1,3,1,0.0,1,0.637404580152672,-0.05709134615384616,-1.1060606060606062,1325,27.020687786953566,1.0,0.0
601,2019-08-25,2.0,1,3,1,0.5,1,0.5076335877862598,0.41406249999999994,0.6515151515151514,1829,30.22085947493377,1.0,0.0
602,2019-08-26,2.0,1,3,1,1.0,1,0.4847328244274811,1.0534855769230769,0.48484848484848503,1483,28.1026380523727,0.0,1.0
603,2019-08-27,2.0,1,3,1,0.5,2,0.637404580152672,0.4957932692307693,-0.5303030303030303,989,24.383099323185924,0.0,1.0
604,2019-08-28,2.0,1,3,1,0.0,2,0.7213740458015268,-0.03305288461538462,0.10606060606060623,935,23.903727107194022,0.0,1.0
605,2019-08-29,2.0,1,3,1,0.0,2,0.5839694656488552,-0.35997596153846145,-0.6969696969696969,1177,25.923439746275267,0.0,1.0
606,2019-08-30,2.0,1,3,1,0.0,2,0.652671755725191,-0.17728365384615388,-1.0454545454545454,1172,25.884752540410414,0.0,1.0
607,2019-08-31,2.0,1,3,1,0.0,2,0.8282442748091605,-0.18689903846153863,-0.12121212121212106,1433,27.76920745153941,1.0,0.0
608,2019-01-09,0.0,1,0,1,0.0,1,0.7977099236641222,0.053485576923076796,-0.6818181818181819,2352,32.95110665659351,0.0,1.0
609,2019-02-09,0.0,1,0,1,0.0,1,0.622137404580153,0.9044471153846155,-1.1818181818181819,2613,34.15868258320773,1.0,0.0
610,2019-03-09,0.0,1,2,1,0.0,2,0.652671755725191,0.7890624999999999,-0.30303030303030304,1965,30.977756760975808,1.0,0.0
611,2019-04-09,1.5,1,2,1,0.5,2,0.7137404580152674,0.615985576923077,0.5606060606060608,867,23.272174931155483,0.0,1.0
612,2019-05-09,1.5,1,3,1,0.0,2,0.7442748091603054,0.5486778846153845,0.07575757575757576,832,22.933747855818122,0.0,1.0
613,2019-06-09,1.5,1,3,1,0.5,1,0.622137404580153,0.880408653846154,-0.3939393939393939,611,20.532008489728483,1.0,0.0
614,2019-07-09,2.0,1,3,1,0.5,2,0.637404580152672,0.5246394230769229,-0.09090909090909086,1045,24.8615723058144,0.0,1.0
615,2019-08-09,2.0,1,3,1,0.0,1,0.5000000000000001,0.8275240384615389,1.0151515151515154,1557,28.582209054077072,0.0,1.0
616,2019-09-09,2.0,1,2,1,1.0,2,0.3473282442748093,-0.37920673076923095,0.43939393939393945,2570,33.965627922094676,0.0,1.0
617,2019-10-09,1.0,1,2,1,0.0,2,0.2633587786259542,-0.5907451923076924,0.7878787878787881,1118,25.459510870448643,0.0,1.0
618,2019-11-09,1.0,1,1,1,0.0,2,0.24809160305343517,-0.5138221153846154,-0.8939393939393939,1070,25.069490728614646,1.0,0.0
619,2019-12-09,1.0,1,0,1,1.0,2,0.3167938931297712,-0.23978365384615374,-0.4999999999999999,1050,24.903427537398773,0.0,1.0
620,2019-09-13,2.0,1,2,1,0.0,2,0.3549618320610689,0.04867788461538476,-1.0,1054,24.93681313110365,0.0,1.0
621,2019-09-14,2.0,1,2,1,0.0,2,0.42366412213740473,0.21694711538461556,-0.7727272727272727,1379,27.399988997135072,1.0,0.0
622,2019-09-15,2.0,1,2,1,0.5,2,0.33969465648854963,-0.6003605769230769,0.6818181818181821,3160,36.44295582368335,1.0,0.0
623,2019-09-16,2.0,1,2,1,1.0,2,0.2557251908396948,-0.27343750000000006,-0.9242424242424242,2166,32.03303278122349,0.0,1.0
624,2019-09-17,2.0,1,2,1,0.5,1,0.2557251908396948,0.5198317307692308,-0.28787878787878796,1022,24.667243751090826,0.0,1.0
625,2019-09-18,2.0,1,2,1,0.0,1,0.3931297709923666,1.1784855769230773,1.8030303030303032,371,17.108551782074017,0.0,1.0
626,2019-09-19,2.0,1,2,1,0.0,2,0.17175572519083973,-0.4320913461538461,0.3484848484848486,788,22.494106672360417,0.0,1.0
627,2019-09-20,2.0,1,2,1,0.0,2,0.14885496183206104,-0.04266826923076937,-0.6363636363636362,939,23.939879615299713,0.0,1.0
628,2019-09-21,2.0,1,2,1,0.0,2,0.3167938931297712,0.20252403846153877,-0.2727272727272726,1250,26.475820354972843,1.0,0.0
629,2019-09-22,2.0,1,2,1,0.5,2,0.46946564885496206,0.09675480769230785,1.0454545454545456,2512,33.70167699587485,1.0,0.0
630,2019-09-23,1.0,1,2,1,1.0,2,0.0954198473282443,-0.7686298076923077,0.43939393939393945,2454,33.433500450638896,0.0,1.0
631,2019-09-24,1.0,1,2,1,0.5,2,0.049618320610687196,-0.6436298076923079,-0.3939393939393939,1001,24.48716858907611,0.0,1.0
632,2019-09-25,1.0,1,2,1,0.0,2,0.16412213740458034,-0.27343750000000006,0.5606060606060608,845,23.060572275179137,0.0,1.0
633,2019-09-26,1.0,1,2,1,0.0,2,0.42366412213740473,0.01983173076923084,0.6515151515151514,787,22.483920795639833,0.0,1.0
634,2019-09-27,1.0,1,2,1,0.0,1,0.46946564885496206,0.308293269230769,-0.46969696969696967,751,22.111144929528436,0.0,1.0
635,2019-09-28,1.0,1,2,1,0.0,1,0.37786259541984735,0.303485576923077,-0.16666666666666663,1045,24.8615723058144,1.0,0.0
636,2019-09-29,1.0,1,2,1,0.5,2,0.133587786259542,-0.4032451923076925,0.46969696969696967,2589,34.05120297003666,1.0,0.0
637,2019-09-30,1.0,1,2,1,1.0,2,0.0877862595419849,-0.21093750000000017,-0.46969696969696967,2015,31.246958048252107,0.0,1.0
638,2019-01-10,0.0,1,0,1,0.0,1,0.0725190839694656,0.1063701923076926,-0.9090909090909092,763,22.23674320123708,0.0,1.0
639,2019-02-10,0.0,1,0,1,0.5,0,0.28625954198473286,1.1784855769230773,-0.7727272727272727,315,16.09695195511669,1.0,0.0
640,2019-03-10,0.0,1,2,1,0.5,1,0.5000000000000001,0.8034855769230773,-1.1515151515151516,728,21.866502587988613,1.0,0.0
641,2019-04-10,1.5,1,2,1,0.0,1,0.5000000000000001,0.462139423076923,-0.6363636363636362,891,23.498843615826907,0.0,1.0
642,2019-05-10,1.5,1,3,1,0.0,2,0.3625954198473283,0.00540865384615371,-0.7575757575757576,1516,28.318487761089763,0.0,1.0
643,2019-06-10,1.5,1,3,1,1.0,2,0.17175572519083973,0.17848557692307723,0.893939393939394,3031,35.93039055237249,0.0,1.0
644,2019-07-10,2.0,1,3,1,0.0,1,-0.2633587786259542,0.3900240384615384,-0.3939393939393939,781,22.422617844087025,0.0,1.0
645,2019-08-10,2.0,1,3,1,0.0,1,-0.3625954198473283,0.39963942307692313,0.09090909090909086,874,23.338727764136053,1.0,0.0
646,2019-09-10,2.0,1,2,1,0.5,1,-0.16412213740458007,0.6496394230769234,0.10606060606060623,601,20.410036806996043,0.0,1.0
647,2019-10-10,1.0,1,2,1,0.0,2,0.049618320610687196,0.01983173076923084,0.07575757575757576,780,22.412369223523484,0.0,1.0
648,2019-11-10,1.0,1,1,1,0.5,2,-0.20229007633587778,-0.7878605769230772,0.015151515151515098,834,22.953347596990593,1.0,0.0
649,2019-12-10,1.0,1,0,1,0.5,2,-0.1946564885496184,-0.4224759615384617,0.5606060606060608,1060,24.986728514783138,0.0,1.0
650,2019-10-13,1.0,1,2,1,0.5,2,-0.33206106870228996,-0.6340144230769231,-0.34848484848484834,2252,32.46399392152524,1.0,0.0
651,2019-10-14,1.0,1,2,0,1.0,2,0.0725190839694656,0.06310096153846155,1.0,2080,31.590136415848388,1.0,0.0
652,2019-10-15,1.0,1,2,1,0.5,1,0.1946564885496184,0.3900240384615384,1.166666666666667,760,22.20547172828547,0.0,1.0
653,2019-10-16,1.0,1,2,1,0.0,2,-0.0954198473282443,-0.3311298076923079,0.015151515151515098,922,23.78549169535159,0.0,1.0
654,2019-10-17,1.0,1,2,1,0.0,2,-0.133587786259542,0.31790865384615374,-0.8030303030303031,979,24.295709476094107,0.0,1.0
655,2019-10-18,1.0,1,2,1,0.0,1,0.0725190839694656,0.4861778846153845,0.5757575757575759,1008,24.547479911540727,0.0,1.0
656,2019-10-19,1.0,1,2,1,0.0,1,0.20229007633587806,0.9044471153846155,-0.46969696969696967,753,22.13217335515326,1.0,0.0
657,2019-10-20,1.0,1,2,1,0.5,2,-0.041984732824427544,-0.25901442307692324,-0.6363636363636362,2806,34.99924433427182,1.0,0.0
658,2019-10-21,1.0,1,2,1,1.0,2,-0.11068702290076332,-0.5618990384615385,-0.15151515151515152,2132,31.859405711326442,0.0,1.0
659,2019-10-22,1.0,1,2,1,0.5,2,-0.03435114503816789,-0.2830528846153848,-1.0,830,22.914115682910097,0.0,1.0
660,2019-10-23,1.0,1,2,1,0.0,2,0.14122137404580165,0.0727163461538463,-0.8787878787878788,841,23.021693177184783,0.0,1.0
661,2019-10-24,1.0,1,2,1,0.0,2,0.27862595419847347,0.04387019230769238,-1.0909090909090908,795,22.565160043746044,0.0,1.0
662,2019-10-25,1.0,1,2,1,0.0,1,0.16412213740458034,0.8323317307692308,-0.5757575757575756,875,23.34820535085994,0.0,1.0
663,2019-10-26,1.0,1,2,1,0.0,1,0.14885496183206104,0.8659855769230772,-0.48484848484848475,1182,25.962014081259547,1.0,0.0
664,2019-10-27,1.0,1,2,1,0.5,1,0.0954198473282443,0.4477163461538462,0.5606060606060608,2643,34.29208150790856,1.0,0.0
665,2019-10-28,1.0,1,2,1,1.0,1,-0.06488549618320595,0.3275240384615385,2.2121212121212124,998,24.461232065389975,0.0,1.0
666,2019-10-29,1.0,1,2,1,0.5,0,-0.18702290076335876,1.2169471153846156,1.8030303030303032,2,0.77386542450115,0.0,1.0
667,2019-10-30,1.0,1,2,1,0.0,1,-0.5687022900763359,0.9525240384615385,0.33333333333333354,87,9.712008090554807,0.0,1.0
668,2019-10-31,1.0,1,2,1,0.0,1,-0.43893129770992373,0.19290865384615402,-0.13636363636363644,419,17.894959624667663,0.0,1.0
669,2019-01-11,0.0,1,0,1,0.0,1,-0.41603053435114506,-0.2157451923076922,-0.24242424242424238,466,18.607012194336203,0.0,1.0
670,2019-02-11,0.0,1,0,1,1.0,2,-0.44656488549618323,-0.5042067307692307,0.8636363636363639,618,20.616574036363005,0.0,1.0
671,2019-03-11,0.0,1,2,1,1.0,1,-0.48473282442748095,-0.6532451923076923,0.9090909090909094,1029,24.72670288131952,0.0,1.0
672,2019-04-11,1.5,1,2,1,0.0,2,-0.5381679389312977,-0.4513221153846156,-0.015151515151515098,1201,26.107581248216785,0.0,1.0
673,2019-05-11,1.5,1,3,1,0.0,2,-0.5610687022900764,-0.6388221153846155,0.5606060606060608,378,17.227434939264338,1.0,0.0
674,2019-06-11,1.5,1,3,1,0.5,2,-0.6832061068702291,-0.2878605769230768,-0.07575757575757576,466,18.607012194336203,0.0,1.0
675,2019-07-11,2.0,1,3,1,0.0,1,-0.6374045801526719,-0.37920673076923095,1.2575757575757576,326,16.304894378972723,0.0,1.0
676,2019-08-11,2.0,1,3,1,0.5,2,-0.4618320610687023,-1.4128605769230773,1.6969696969696972,340,16.562682229548383,1.0,0.0
677,2019-09-11,2.0,1,2,1,0.0,2,-0.43129770992366406,-0.4128605769230769,0.3484848484848486,709,21.660365122360346,0.0,1.0
678,2019-10-11,1.0,1,2,1,0.0,2,-0.33969465648854963,0.08713942307692309,-1.2424242424242424,2090,31.64227564714752,0.0,1.0
679,2019-11-11,1.0,1,1,0,1.0,2,-0.2404580152671755,0.15444711538461567,-0.5454545454545454,2290,32.65081639940226,1.0,0.0
680,2019-12-11,1.0,1,0,1,0.0,2,-0.041984732824427544,0.5534855769230771,-0.07575757575757576,1097,25.290323178427812,0.0,1.0
681,2019-11-13,1.0,1,1,1,0.0,1,-0.48473282442748095,0.1736778846153845,1.6363636363636362,327,16.32355755891178,0.0,1.0
682,2019-11-14,1.0,1,1,1,0.0,2,-0.6526717557251909,-0.35997596153846145,0.1969696969696971,373,17.142674706414564,0.0,1.0
683,2019-11-15,1.0,1,1,1,0.0,1,-0.5534351145038169,-0.03305288461538462,-0.2727272727272726,320,16.192080315721185,0.0,1.0
684,2019-11-16,1.0,1,1,1,0.0,2,-0.48473282442748095,-0.4897836538461539,-0.09090909090909086,484,18.866614970487117,1.0,0.0
685,2019-11-17,1.0,1,1,1,0.5,2,-0.5458015267175572,-0.39362980769230776,-0.015151515151515098,1313,26.934960083565056,1.0,0.0
686,2019-11-18,1.0,1,1,1,1.0,2,-0.4923664122137405,0.31790865384615374,0.48484848484848503,922,23.78549169535159,0.0,1.0
687,2019-11-19,1.0,1,1,1,0.5,1,-0.3702290076335878,-0.01862980769230783,0.5454545454545454,449,18.355419959790797,0.0,1.0
688,2019-11-20,1.0,1,1,1,0.0,1,-0.39312977099236635,0.2794471153846154,-1.0,534,19.55452135311981,0.0,1.0
689,2019-11-21,1.0,1,1,1,0.0,2,-0.4541984732824428,-0.06189903846153854,-0.7878787878787878,615,20.58041275201532,0.0,1.0
690,2019-11-22,1.0,1,1,1,0.0,2,-0.5,-0.22536057692307696,-1.303030303030303,955,24.083439491491674,0.0,1.0
691,2019-11-23,1.0,1,1,1,0.0,2,-0.4083969465648855,-0.2782451923076924,-0.33333333333333326,1603,28.8724662121849,1.0,0.0
692,2019-11-24,1.0,1,1,1,0.5,2,-0.6908396946564885,-1.0667067307692308,2.0000000000000004,532,19.527875813336856,1.0,0.0
693,2019-11-25,1.0,1,1,1,1.0,2,-0.7900763358778627,-0.7638221153846156,-0.30303030303030304,309,15.981416967663872,0.0,1.0
694,2019-11-26,1.0,1,1,1,0.5,2,-0.583969465648855,-0.44170673076923084,-1.3636363636363638,337,16.508065339839053,0.0,1.0
695,2019-11-27,1.0,1,1,1,0.0,1,-0.6450381679389313,0.7698317307692311,0.5757575757575759,123,11.18654214701248,0.0,1.0
696,2019-11-28,1.0,1,1,0,0.0,2,-0.6297709923664123,-0.5811298076923077,0.30303030303030304,198,13.492522771895828,1.0,0.0
697,2019-11-29,1.0,1,1,1,0.0,2,-0.6832061068702291,-0.3407451923076923,-0.6666666666666666,243,14.594890779071381,0.0,1.0
698,2019-11-30,1.0,1,1,1,0.0,2,-0.6297709923664123,0.11117788461538464,-1.2424242424242424,362,16.953413106041463,1.0,0.0
699,2019-01-12,0.0,1,0,1,0.0,1,-0.6297709923664123,0.8659855769230772,-1.2272727272727273,951,24.04770555071455,1.0,0.0
700,2019-02-12,0.0,1,0,1,0.5,1,-0.47709923664122145,0.9429086538461539,-0.5757575757575756,892,23.508196527161665,0.0,1.0
701,2019-03-12,0.0,1,2,1,0.5,2,-0.14122137404580137,0.6784855769230769,-1.0,555,19.83024151966261,0.0,1.0
702,2019-04-12,1.5,1,2,1,0.0,2,-0.0725190839694656,0.5150240384615388,-0.06060606060606066,551,19.778283550377676,0.0,1.0
703,2019-05-12,1.5,1,3,1,0.5,2,-0.18702290076335876,-0.6820913461538463,1.4545454545454546,331,16.39782015107092,1.0,0.0
704,2019-06-12,1.5,1,3,1,0.0,2,-0.7595419847328245,-0.566706730769231,-0.06060606060606066,340,16.562682229548383,0.0,1.0
705,2019-07-12,2.0,1,3,1,0.0,1,-0.5534351145038169,0.659254807692308,-0.4999999999999999,349,16.724569505994513,0.0,1.0
706,2019-08-12,2.0,1,3,1,1.0,1,-0.3702290076335878,1.3659855769230769,-0.8030303030303031,1153,25.73669730813477,0.0,1.0
707,2019-09-12,2.0,1,2,1,0.0,1,-0.3549618320610686,1.3371394230769234,-0.2272727272727273,441,18.234752298151058,0.0,1.0
708,2019-10-12,1.0,1,2,1,0.0,1,-0.1946564885496184,1.4332932692307694,0.10606060606060623,329,16.360766479833238,1.0,0.0
709,2019-11-12,1.0,1,1,1,0.5,1,-0.4541984732824428,-0.14362980769230757,1.166666666666667,282,15.441504255893323,0.0,1.0
710,2019-12-12,1.0,1,0,1,0.0,1,-0.6297709923664123,-0.427283653846154,-0.1818181818181817,310,16.00077930607412,0.0,1.0
711,2019-12-13,1.0,1,0,1,0.0,2,-0.6374045801526719,-0.6772836538461539,-0.06060606060606066,425,17.988824134122748,0.0,1.0
712,2019-12-14,1.0,1,0,1,0.0,2,-0.6832061068702291,0.07752403846153834,-0.4999999999999999,429,18.050895232968436,1.0,0.0
713,2019-12-15,1.0,1,0,1,0.5,2,-0.5458015267175572,0.11117788461538464,-0.7575757575757576,767,22.27830722432233,1.0,0.0
714,2019-12-16,1.0,1,0,1,1.0,1,-0.42366412213740456,1.0198317307692313,-0.8181818181818181,538,19.60760721314577,0.0,1.0
715,2019-12-17,1.0,1,0,1,0.5,1,-0.33206106870228996,1.346754807692308,-0.8333333333333334,212,13.852465404533469,0.0,1.0
716,2019-12-18,1.0,1,0,1,0.0,2,-0.27862595419847325,0.1881009615384613,0.4090909090909093,433,18.11256954035676,0.0,1.0
717,2019-12-19,1.0,1,0,1,0.0,2,-0.5229007633587787,-0.009014423076923078,0.030303030303030467,333,16.434720152611323,0.0,1.0
718,2019-12-20,1.0,1,0,1,0.0,1,-0.5305343511450382,0.19771634615384603,-0.48484848484848475,314,16.077801865580316,0.0,1.0
719,2019-12-21,1.0,1,0,1,0.0,1,-0.5381679389312977,-0.3359374999999999,1.9696969696969702,221,14.075300062683299,1.0,0.0
720,2019-12-22,0.0,1,0,1,0.5,2,-0.7290076335877863,-0.8936298076923077,2.303030303030303,205,13.674607891314325,1.0,0.0
721,2019-12-23,0.0,1,0,1,1.0,2,-0.7900763358778627,-0.537860576923077,-0.48484848484848475,408,17.720445174069173,0.0,1.0
722,2019-12-24,0.0,1,0,1,0.5,1,-0.83587786259542,0.7890624999999999,-1.0454545454545454,174,12.832404849813082,0.0,1.0
723,2019-12-25,0.0,1,0,0,0.0,1,-0.6526717557251909,0.5198317307692308,-0.12121212121212106,440,18.21956326306046,1.0,0.0
724,2019-12-26,0.0,1,0,1,0.0,0,-0.7977099236641222,0.9429086538461539,1.378787878787879,9,3.157336502299259,0.0,1.0
725,2019-12-27,0.0,1,0,1,0.0,1,-0.767175572519084,0.12560096153846143,1.7272727272727275,247,14.685846444919225,0.0,1.0
726,2019-12-28,0.0,1,0,1,0.0,1,-0.767175572519084,-0.17728365384615388,-0.25757575757575746,644,20.925025638650855,1.0,0.0
727,2019-12-29,0.0,1,0,1,0.5,1,-0.767175572519084,0.6063701923076923,-0.5757575757575756,159,12.387360302178706,1.0,0.0
728,2019-12-30,0.0,1,0,1,1.0,2,-0.7595419847328245,-0.691706730769231,1.7272727272727275,364,16.988115687785964,0.0,1.0
729,2019-12-31,0.0,1,0,1,0.5,1,-0.8893129770992366,-0.2349759615384617,-0.25757575757575746,439,18.204350466623477,0.0,1.0
